file,sample,latitude,longitude,date,resolution,notes
BY-0001-001531-L.dw.png,BY-0001,53.880525,26.224456,2016,94488,loghive
BY-0001-001531-R.dw.png,BY-0001,53.880525,26.224456,2016,94488,loghive
BY-0001-001532-L.dw.png,BY-0001,53.880525,26.224456,2016,94488,loghive
BY-0001-001532-R.dw.png,BY-0001,53.880525,26.224456,2016,94488,loghive
BY-0001-001533-L.dw.png,BY-0001,53.880525,26.224456,2016,94488,loghive
BY-0001-001533-R.dw.png,BY-0001,53.880525,26.224456,2016,94488,loghive
BY-0001-001534-L.dw.png,BY-0001,53.880525,26.224456,2016,94488,loghive
BY-0001-001534-R.dw.png,BY-0001,53.880525,26.224456,2016,94488,loghive
BY-0001-001535-L.dw.png,BY-0001,53.880525,26.224456,2016,94488,loghive
BY-0001-001535-R.dw.png,BY-0001,53.880525,26.224456,2016,94488,loghive
BY-0001-001536-L.dw.png,BY-0001,53.880525,26.224456,2016,94488,loghive
BY-0001-001536-R.dw.png,BY-0001,53.880525,26.224456,2016,94488,loghive
BY-0001-001537-L.dw.png,BY-0001,53.880525,26.224456,2016,94488,loghive
BY-0001-001537-R.dw.png,BY-0001,53.880525,26.224456,2016,94488,loghive
BY-0001-001538-L.dw.png,BY-0001,53.880525,26.224456,2016,94488,loghive
BY-0001-001538-R.dw.png,BY-0001,53.880525,26.224456,2016,94488,loghive
BY-0001-001539-L.dw.png,BY-0001,53.880525,26.224456,2016,94488,loghive
BY-0001-001539-R.dw.png,BY-0001,53.880525,26.224456,2016,94488,loghive
BY-0002-001571-L.dw.png,BY-0002,53.880525,26.224456,2016,94488,loghive
BY-0002-001571-R.dw.png,BY-0002,53.880525,26.224456,2016,94488,loghive
BY-0002-001572-L.dw.png,BY-0002,53.880525,26.224456,2016,94488,loghive
BY-0002-001572-R.dw.png,BY-0002,53.880525,26.224456,2016,94488,loghive
BY-0002-001573-L.dw.png,BY-0002,53.880525,26.224456,2016,94488,loghive
BY-0002-001573-R.dw.png,BY-0002,53.880525,26.224456,2016,94488,loghive
BY-0002-001574-L.dw.png,BY-0002,53.880525,26.224456,2016,94488,loghive
BY-0002-001574-R.dw.png,BY-0002,53.880525,26.224456,2016,94488,loghive
BY-0002-001575-L.dw.png,BY-0002,53.880525,26.224456,2016,94488,loghive
BY-0002-001575-R.dw.png,BY-0002,53.880525,26.224456,2016,94488,loghive
BY-0002-001576-L.dw.png,BY-0002,53.880525,26.224456,2016,94488,loghive
BY-0002-001576-R.dw.png,BY-0002,53.880525,26.224456,2016,94488,loghive
BY-0002-001577-L.dw.png,BY-0002,53.880525,26.224456,2016,94488,loghive
BY-0002-001577-R.dw.png,BY-0002,53.880525,26.224456,2016,94488,loghive
BY-0002-001578-L.dw.png,BY-0002,53.880525,26.224456,2016,94488,loghive
BY-0002-001578-R.dw.png,BY-0002,53.880525,26.224456,2016,94488,loghive
BY-0002-001579-L.dw.png,BY-0002,53.880525,26.224456,2016,94488,loghive
BY-0002-001579-R.dw.png,BY-0002,53.880525,26.224456,2016,94488,loghive
BY-0002-001580-L.dw.png,BY-0002,53.880525,26.224456,2016,94488,loghive
BY-0002-001580-R.dw.png,BY-0002,53.880525,26.224456,2016,94488,loghive
BY-0002-001581-L.dw.png,BY-0002,53.880525,26.224456,2016,94488,loghive
BY-0002-001581-R.dw.png,BY-0002,53.880525,26.224456,2016,94488,loghive
BY-0002-001582-L.dw.png,BY-0002,53.880525,26.224456,2016,94488,loghive
BY-0002-001582-R.dw.png,BY-0002,53.880525,26.224456,2016,94488,loghive
BY-0002-001583-L.dw.png,BY-0002,53.880525,26.224456,2016,94488,loghive
BY-0002-001583-R.dw.png,BY-0002,53.880525,26.224456,2016,94488,loghive
BY-0002-001584-L.dw.png,BY-0002,53.880525,26.224456,2016,94488,loghive
BY-0002-001584-R.dw.png,BY-0002,53.880525,26.224456,2016,94488,loghive
BY-0002-001585-L.dw.png,BY-0002,53.880525,26.224456,2016,94488,loghive
BY-0002-001585-R.dw.png,BY-0002,53.880525,26.224456,2016,94488,loghive
BY-0002-001586-L.dw.png,BY-0002,53.880525,26.224456,2016,94488,loghive
BY-0002-001586-R.dw.png,BY-0002,53.880525,26.224456,2016,94488,loghive
BY-0002-001587-L.dw.png,BY-0002,53.880525,26.224456,2016,94488,loghive
BY-0002-001587-R.dw.png,BY-0002,53.880525,26.224456,2016,94488,loghive
BY-0002-001588-L.dw.png,BY-0002,53.880525,26.224456,2016,94488,loghive
BY-0002-001588-R.dw.png,BY-0002,53.880525,26.224456,2016,94488,loghive
BY-0002-001589-L.dw.png,BY-0002,53.880525,26.224456,2016,94488,loghive
BY-0002-001589-R.dw.png,BY-0002,53.880525,26.224456,2016,94488,loghive
BY-0002-001590-L.dw.png,BY-0002,53.880525,26.224456,2016,94488,loghive
BY-0002-001590-R.dw.png,BY-0002,53.880525,26.224456,2016,94488,loghive
BY-0002-001591-L.dw.png,BY-0002,53.880525,26.224456,2016,94488,loghive
BY-0002-001591-R.dw.png,BY-0002,53.880525,26.224456,2016,94488,loghive
BY-0003-001520-L.dw.png,BY-0003,53.880525,26.224456,2016,94488,loghive
BY-0003-001520-R.dw.png,BY-0003,53.880525,26.224456,2016,94488,loghive
BY-0003-001521-L.dw.png,BY-0003,53.880525,26.224456,2016,94488,loghive
BY-0003-001521-R.dw.png,BY-0003,53.880525,26.224456,2016,94488,loghive
BY-0003-001522-L.dw.png,BY-0003,53.880525,26.224456,2016,94488,loghive
BY-0003-001522-R.dw.png,BY-0003,53.880525,26.224456,2016,94488,loghive
BY-0003-001523-L.dw.png,BY-0003,53.880525,26.224456,2016,94488,loghive
BY-0003-001523-R.dw.png,BY-0003,53.880525,26.224456,2016,94488,loghive
BY-0003-001524-L.dw.png,BY-0003,53.880525,26.224456,2016,94488,loghive
BY-0003-001524-R.dw.png,BY-0003,53.880525,26.224456,2016,94488,loghive
BY-0003-001525-L.dw.png,BY-0003,53.880525,26.224456,2016,94488,loghive
BY-0003-001525-R.dw.png,BY-0003,53.880525,26.224456,2016,94488,loghive
BY-0003-001526-L.dw.png,BY-0003,53.880525,26.224456,2016,94488,loghive
BY-0003-001526-R.dw.png,BY-0003,53.880525,26.224456,2016,94488,loghive
BY-0003-001527-L.dw.png,BY-0003,53.880525,26.224456,2016,94488,loghive
BY-0003-001527-R.dw.png,BY-0003,53.880525,26.224456,2016,94488,loghive
BY-0003-001528-L.dw.png,BY-0003,53.880525,26.224456,2016,94488,loghive
BY-0003-001528-R.dw.png,BY-0003,53.880525,26.224456,2016,94488,loghive
BY-0003-001529-L.dw.png,BY-0003,53.880525,26.224456,2016,94488,loghive
BY-0003-001529-R.dw.png,BY-0003,53.880525,26.224456,2016,94488,loghive
BY-0003-001530-L.dw.png,BY-0003,53.880525,26.224456,2016,94488,loghive
BY-0003-001530-R.dw.png,BY-0003,53.880525,26.224456,2016,94488,loghive
BY-0004-001592-L.dw.png,BY-0004,53.880525,26.224456,2016,94488,loghive
BY-0004-001592-R.dw.png,BY-0004,53.880525,26.224456,2016,94488,loghive
BY-0004-001593-L.dw.png,BY-0004,53.880525,26.224456,2016,94488,loghive
BY-0004-001593-R.dw.png,BY-0004,53.880525,26.224456,2016,94488,loghive
BY-0004-001594-L.dw.png,BY-0004,53.880525,26.224456,2016,94488,loghive
BY-0004-001594-R.dw.png,BY-0004,53.880525,26.224456,2016,94488,loghive
BY-0004-001595-L.dw.png,BY-0004,53.880525,26.224456,2016,94488,loghive
BY-0004-001595-R.dw.png,BY-0004,53.880525,26.224456,2016,94488,loghive
BY-0004-001596-L.dw.png,BY-0004,53.880525,26.224456,2016,94488,loghive
BY-0004-001596-R.dw.png,BY-0004,53.880525,26.224456,2016,94488,loghive
BY-0004-001597-L.dw.png,BY-0004,53.880525,26.224456,2016,94488,loghive
BY-0004-001597-R.dw.png,BY-0004,53.880525,26.224456,2016,94488,loghive
BY-0004-001598-L.dw.png,BY-0004,53.880525,26.224456,2016,94488,loghive
BY-0004-001598-R.dw.png,BY-0004,53.880525,26.224456,2016,94488,loghive
BY-0004-001599-L.dw.png,BY-0004,53.880525,26.224456,2016,94488,loghive
BY-0004-001599-R.dw.png,BY-0004,53.880525,26.224456,2016,94488,loghive
BY-0004-001600-L.dw.png,BY-0004,53.880525,26.224456,2016,94488,loghive
BY-0004-001600-R.dw.png,BY-0004,53.880525,26.224456,2016,94488,loghive
BY-0004-001601-L.dw.png,BY-0004,53.880525,26.224456,2016,94488,loghive
BY-0004-001601-R.dw.png,BY-0004,53.880525,26.224456,2016,94488,loghive
BY-0005-001602-L.dw.png,BY-0005,53.880192,26.224309,2016,94488,hive
BY-0005-001602-R.dw.png,BY-0005,53.880192,26.224309,2016,94488,hive
BY-0005-001603-L.dw.png,BY-0005,53.880192,26.224309,2016,94488,hive
BY-0005-001604-L.dw.png,BY-0005,53.880192,26.224309,2016,94488,hive
BY-0005-001604-R.dw.png,BY-0005,53.880192,26.224309,2016,94488,hive
BY-0005-001605-L.dw.png,BY-0005,53.880192,26.224309,2016,94488,hive
BY-0005-001605-R.dw.png,BY-0005,53.880192,26.224309,2016,94488,hive
BY-0005-001606-L.dw.png,BY-0005,53.880192,26.224309,2016,94488,hive
BY-0005-001606-R.dw.png,BY-0005,53.880192,26.224309,2016,94488,hive
BY-0005-001607-L.dw.png,BY-0005,53.880192,26.224309,2016,94488,hive
BY-0005-001607-R.dw.png,BY-0005,53.880192,26.224309,2016,94488,hive
BY-0005-001608-L.dw.png,BY-0005,53.880192,26.224309,2016,94488,hive
BY-0005-001608-R.dw.png,BY-0005,53.880192,26.224309,2016,94488,hive
BY-0005-001609-L.dw.png,BY-0005,53.880192,26.224309,2016,94488,hive
BY-0005-001609-R.dw.png,BY-0005,53.880192,26.224309,2016,94488,hive
BY-0005-001610-L.dw.png,BY-0005,53.880192,26.224309,2016,94488,hive
BY-0005-001610-R.dw.png,BY-0005,53.880192,26.224309,2016,94488,hive
BY-0005-001611-L.dw.png,BY-0005,53.880192,26.224309,2016,94488,hive
BY-0005-001611-R.dw.png,BY-0005,53.880192,26.224309,2016,94488,hive
BY-0005-001612-L.dw.png,BY-0005,53.880192,26.224309,2016,94488,hive
BY-0005-001612-R.dw.png,BY-0005,53.880192,26.224309,2016,94488,hive
BY-0005-001613-L.dw.png,BY-0005,53.880192,26.224309,2016,94488,hive
BY-0005-001613-R.dw.png,BY-0005,53.880192,26.224309,2016,94488,hive
BY-0005-001614-L.dw.png,BY-0005,53.880192,26.224309,2016,94488,hive
BY-0005-001614-R.dw.png,BY-0005,53.880192,26.224309,2016,94488,hive
BY-0005-001615-L.dw.png,BY-0005,53.880192,26.224309,2016,94488,hive
BY-0005-001615-R.dw.png,BY-0005,53.880192,26.224309,2016,94488,hive
BY-0005-001616-L.dw.png,BY-0005,53.880192,26.224309,2016,94488,hive
BY-0005-001616-R.dw.png,BY-0005,53.880192,26.224309,2016,94488,hive
BY-0005-001617-L.dw.png,BY-0005,53.880192,26.224309,2016,94488,hive
BY-0005-001617-R.dw.png,BY-0005,53.880192,26.224309,2016,94488,hive
BY-0005-001618-L.dw.png,BY-0005,53.880192,26.224309,2016,94488,hive
BY-0005-001618-R.dw.png,BY-0005,53.880192,26.224309,2016,94488,hive
BY-0005-001619-L.dw.png,BY-0005,53.880192,26.224309,2016,94488,hive
BY-0005-001619-R.dw.png,BY-0005,53.880192,26.224309,2016,94488,hive
BY-0005-001620-L.dw.png,BY-0005,53.880192,26.224309,2016,94488,hive
BY-0005-001620-R.dw.png,BY-0005,53.880192,26.224309,2016,94488,hive
BY-0005-001621-L.dw.png,BY-0005,53.880192,26.224309,2016,94488,hive
BY-0005-001621-R.dw.png,BY-0005,53.880192,26.224309,2016,94488,hive
BY-0005-001622-L.dw.png,BY-0005,53.880192,26.224309,2016,94488,hive
BY-0005-001622-R.dw.png,BY-0005,53.880192,26.224309,2016,94488,hive
BY-0005-001623-L.dw.png,BY-0005,53.880192,26.224309,2016,94488,hive
BY-0005-001623-R.dw.png,BY-0005,53.880192,26.224309,2016,94488,hive
BY-0005-001624-L.dw.png,BY-0005,53.880192,26.224309,2016,94488,hive
BY-0005-001624-R.dw.png,BY-0005,53.880192,26.224309,2016,94488,hive
BY-0005-001625-L.dw.png,BY-0005,53.880192,26.224309,2016,94488,hive
BY-0005-001625-R.dw.png,BY-0005,53.880192,26.224309,2016,94488,hive
BY-0005-001626-L.dw.png,BY-0005,53.880192,26.224309,2016,94488,hive
BY-0005-001626-R.dw.png,BY-0005,53.880192,26.224309,2016,94488,hive
BY-0005-001627-L.dw.png,BY-0005,53.880192,26.224309,2016,94488,hive
BY-0005-001627-R.dw.png,BY-0005,53.880192,26.224309,2016,94488,hive
BY-0005-001628-L.dw.png,BY-0005,53.880192,26.224309,2016,94488,hive
BY-0005-001628-R.dw.png,BY-0005,53.880192,26.224309,2016,94488,hive
BY-0005-001629-L.dw.png,BY-0005,53.880192,26.224309,2016,94488,hive
BY-0005-001629-R.dw.png,BY-0005,53.880192,26.224309,2016,94488,hive
BY-0005-001630-L.dw.png,BY-0005,53.880192,26.224309,2016,94488,hive
BY-0005-001630-R.dw.png,BY-0005,53.880192,26.224309,2016,94488,hive
BY-0005-001631-L.dw.png,BY-0005,53.880192,26.224309,2016,94488,hive
BY-0005-001631-R.dw.png,BY-0005,53.880192,26.224309,2016,94488,hive
BY-0005-001632-L.dw.png,BY-0005,53.880192,26.224309,2016,94488,hive
BY-0005-001632-R.dw.png,BY-0005,53.880192,26.224309,2016,94488,hive
BY-0005-001633-L.dw.png,BY-0005,53.880192,26.224309,2016,94488,hive
BY-0005-001633-R.dw.png,BY-0005,53.880192,26.224309,2016,94488,hive
BY-0005-001634-L.dw.png,BY-0005,53.880192,26.224309,2016,94488,hive
BY-0005-001634-R.dw.png,BY-0005,53.880192,26.224309,2016,94488,hive
BY-0005-001635-L.dw.png,BY-0005,53.880192,26.224309,2016,94488,hive
BY-0005-001635-R.dw.png,BY-0005,53.880192,26.224309,2016,94488,hive
BY-0005-001636-L.dw.png,BY-0005,53.880192,26.224309,2016,94488,hive
BY-0005-001636-R.dw.png,BY-0005,53.880192,26.224309,2016,94488,hive
