"file","x1","y1","x2","y2","x3","y3","x4","y4","x5","y5","x6","y6","x7","y7","x8","y8","x9","y9","x10","y10","x11","y11","x12","y12","x13","y13","x14","y14","x15","y15","x16","y16","x17","y17","x18","y18","x19","y19"
"BY-0001-001531-L.dw.png","210","180","233","178","277","259","278","203","287","121","355","261","406","290","385","268","426","233","399","214","440","182","445","141","463","106","475","281","508","243","580","206","622","198","635","167","91","258"
"BY-0001-001531-R.dw.png","210","179","232","178","279","257","274","201","286","119","352","260","406","290","387","267","424","232","397","212","438","182","442","142","461","107","472","281","506","243","576","207","619","201","632","170","92","257"
"BY-0001-001532-L.dw.png","204","182","230","181","274","262","269","205","284","125","346","265","399","296","383","275","418","239","390","219","430","186","437","148","455","111","466","286","500","250","574","212","614","203","622","172","87","255"
"BY-0001-001532-R.dw.png","206","181","233","179","275","259","273","204","288","123","348","262","401","293","386","272","423","235","394","215","434","182","440","144","458","108","468","282","500","247","580","205","618","197","623","165","87","254"
"BY-0001-001533-L.dw.png","207","184","234","183","274","266","275","209","291","128","350","270","400","303","387","281","425","244","397","224","436","191","442","152","457","114","470","295","504","258","577","219","619","213","624","180","84","257"
"BY-0001-001533-R.dw.png","207","184","234","184","274","265","276","210","287","127","350","269","399","301","385","278","425","243","394","222","434","189","441","149","457","112","469","291","504","254","577","215","618","208","621","175","88","259"
"BY-0001-001534-L.dw.png","218","180","240","179","281","259","281","202","296","119","357","261","411","292","392","270","435","233","406","213","447","182","452","142","470","106","479","282","516","242","590","205","630","198","642","168","95","257"
"BY-0001-001534-R.dw.png","216","184","239","182","279","261","278","204","297","120","358","263","413","295","394","272","437","236","409","216","450","185","454","145","473","109","481","284","518","245","593","207","633","199","645","169","96","262"
"BY-0001-001535-L.dw.png","207","179","236","178","271","260","278","202","289","118","358","265","406","296","389","272","436","235","409","217","447","180","450","139","466","105","476","286","514","245","593","204","624","198","634","169","90","259"
"BY-0001-001535-R.dw.png","208","178","235","177","270","258","280","202","289","117","355","264","403","296","387","273","434","235","410","218","448","180","450","140","468","106","472","286","512","246","594","206","626","202","634","170","88","254"
"BY-0001-001536-L.dw.png","215","182","235","180","273","256","270","201","289","120","348","258","407","291","391","269","433","232","404","213","444","179","443","137","461","103","472","281","508","242","587","200","620","193","628","163","88","255"
"BY-0001-001536-R.dw.png","216","181","235","180","274","256","272","200","289","120","353","259","410","291","390","268","433","231","406","212","444","178","444","137","462","103","474","281","511","241","586","199","623","192","630","162","89","258"
"BY-0001-001537-L.dw.png","199","178","223","177","275","259","270","203","284","119","352","263","408","295","389","272","429","240","396","218","441","184","448","143","466","110","474","284","511","248","590","210","624","204","633","174","83","251"
"BY-0001-001537-R.dw.png","199","182","221","181","274","262","269","205","281","121","351","264","408","293","391","273","429","238","396","218","441","182","446","142","462","108","478","283","510","247","589","206","624","200","632","169","82","257"
"BY-0001-001538-L.dw.png","208","186","232","186","276","269","273","211","288","128","354","275","404","305","388","282","428","249","397","227","439","192","447","155","465","116","471","295","504","262","587","220","627","213","631","181","86","258"
"BY-0001-001538-R.dw.png","210","190","234","189","277","271","276","212","289","128","356","274","410","304","396","282","431","246","400","225","443","190","450","151","467","112","476","293","506","259","590","216","630","207","635","173","89","265"
"BY-0001-001539-L.dw.png","207","187","232","186","282","274","273","212","292","128","359","279","407","311","392","288","429","251","402","231","442","196","452","156","472","117","475","302","509","267","591","226","630","218","636","185","88","264"
"BY-0001-001539-R.dw.png","205","187","228","186","280","274","274","213","290","128","359","279","405","311","391","288","427","251","401","231","441","196","448","156","469","118","476","301","510","265","590","226","628","218","635","186","86","266"
"BY-0002-001571-L.dw.png","208","176","228","174","262","254","277","199","286","115","355","259","400","291","387","268","428","230","399","212","438","178","438","136","460","103","469","280","509","239","588","197","622","194","629","165","85","243"
"BY-0002-001571-R.dw.png","208","175","227","174","260","254","273","199","287","115","353","261","399","293","385","271","427","234","400","216","437","181","438","138","459","106","466","284","507","242","587","203","621","200","631","172","84","241"
"BY-0002-001572-L.dw.png","214","181","240","179","278","258","279","199","290","116","366","258","417","289","403","267","448","229","410","209","450","173","454","131","466","98","490","277","527","234","607","193","645","187","651","158","92","262"
"BY-0002-001572-R.dw.png","216","181","241","179","281","259","282","200","292","117","365","261","414","293","401","270","449","233","412","213","450","177","454","135","467","101","487","282","526","239","605","199","642","195","649","165","91","260"
"BY-0002-001573-L.dw.png","203","183","227","182","266","260","280","211","289","123","351","264","406","299","391","275","434","242","403","224","445","185","448","144","465","111","476","291","507","252","590","209","622","205","634","175","86","254"
"BY-0002-001573-R.dw.png","204","183","230","182","267","258","283","211","289","123","346","261","406","296","390","273","433","240","401","221","444","185","449","144","465","112","473","289","507","251","589","209","624","204","633","174","89","254"
"BY-0002-001574-L.dw.png","206","176","229","174","269","255","268","198","281","116","343","256","398","290","382","266","421","229","395","215","436","178","439","136","454","102","470","278","507","239","586","196","619","192","630","165","83","251"
"BY-0002-001574-R.dw.png","206","176","229","175","265","257","267","198","280","116","345","257","398","290","384","267","420","229","393","214","435","178","438","136","454","103","468","279","506","239","588","197","618","193","631","164","84","253"
"BY-0002-001575-L.dw.png","218","183","245","183","277","268","287","210","299","125","364","273","419","307","402","283","449","247","419","227","458","190","464","146","483","111","493","296","531","256","612","216","644","213","654","180","85","256"
"BY-0002-001575-R.dw.png","218","183","241","182","271","268","286","210","298","123","363","273","416","308","401","283","452","247","419","227","458","191","463","148","483","113","492","296","530","258","614","219","646","215","654","184","85","256"
"BY-0002-001576-L.dw.png","214","176","237","176","270","257","280","201","298","114","355","261","412","295","395","272","435","234","407","216","450","178","457","133","474","100","478","283","517","243","601","199","636","195","643","162","84","251"
"BY-0002-001576-R.dw.png","214","176","241","175","273","257","281","200","301","114","354","260","412","296","397","273","437","234","410","215","453","179","461","135","478","102","481","285","521","245","603","202","638","197","644","165","83","251"
"BY-0002-001577-L.dw.png","217","177","236","175","275","257","281","197","288","117","367","259","414","289","398","268","448","231","409","210","451","175","454","134","464","100","489","279","526","238","595","201","633","197","640","167","91","258"
"BY-0002-001577-R.dw.png","216","178","240","176","281","256","282","197","287","118","367","258","415","289","401","267","448","229","410","210","451","174","454","132","464","99","492","279","530","235","600","197","637","193","641","162","92","259"
"BY-0002-001578-L.dw.png","207","172","231","173","263","250","271","196","289","114","352","255","398","287","387","266","425","229","396","211","436","176","441","135","462","103","465","278","502","239","580","200","615","196","623","166","81","238"
"BY-0002-001578-R.dw.png","206","174","228","174","265","253","270","198","286","116","349","257","396","289","383","267","424","231","394","212","433","177","438","136","459","103","465","279","502","241","577","201","612","197","618","167","82","243"
"BY-0002-001579-L.dw.png","217","178","241","177","280","260","286","202","297","117","361","263","419","297","402","274","442","238","413","218","455","181","463","137","479","105","484","287","521","246","605","205","646","200","658","170","86","251"
"BY-0002-001579-R.dw.png","216","183","239","181","279","262","286","204","296","118","365","262","421","295","406","272","443","233","415","216","453","176","459","132","471","98","486","282","522","242","603","195","644","190","656","159","87","263"
"BY-0002-001580-L.dw.png","208","179","226","177","266","256","271","203","283","114","350","257","404","291","389","268","431","233","399","215","435","178","439","139","459","103","473","280","510","240","584","201","617","197","622","166","83","250"
"BY-0002-001580-R.dw.png","208","177","226","175","269","252","273","199","285","112","355","252","408","285","392","261","435","227","402","209","437","174","439","133","458","99","478","273","513","234","586","193","619","188","621","158","84","251"
"BY-0002-001581-L.dw.png","210","180","234","178","274","258","280","202","289","117","359","261","407","294","395","272","435","235","406","216","444","178","449","136","469","104","475","283","512","243","592","199","625","194","637","165","88","255"
"BY-0002-001581-R.dw.png","212","178","233","176","271","257","279","201","291","117","354","260","405","294","392","272","433","234","402","214","443","180","451","138","471","107","473","284","511","245","590","203","625","199","636","170","87","249"
"BY-0002-001582-L.dw.png","214","181","237","179","274","257","282","205","292","122","359","261","416","294","400","272","442","237","412","219","453","182","456","140","472","108","484","285","523","246","602","205","639","201","646","172","88","249"
"BY-0002-001582-R.dw.png","211","181","233","179","269","257","281","206","288","122","356","263","412","295","398","274","436","237","407","219","448","182","452","141","467","109","479","286","516","247","598","204","635","199","641","171","86","251"
"BY-0002-001583-L.dw.png","215","179","237","178","268","258","280","203","293","119","356","265","404","298","390","275","434","238","407","219","448","184","455","143","474","110","474","288","515","249","603","206","631","202","639","173","84","247"
"BY-0002-001583-R.dw.png","213","183","234","181","274","262","279","204","292","121","359","265","406","297","393","275","437","237","406","219","446","184","451","142","470","109","474","286","514","247","601","203","629","198","637","170","85","254"
"BY-0002-001584-L.dw.png","215","179","239","178","272","260","289","206","297","118","361","265","414","299","399","276","445","240","413","219","453","185","457","142","475","109","483","290","523","250","610","210","644","207","656","178","88","251"
"BY-0002-001584-R.dw.png","216","180","241","179","276","260","284","203","296","118","362","262","416","295","400","273","446","235","416","214","453","179","457","137","475","104","487","283","527","243","612","198","644","194","655","165","89","256"
"BY-0002-001585-L.dw.png","216","176","241","176","267","256","284","201","293","117","360","262","404","297","392","272","438","237","410","219","447","183","450","142","468","110","473","288","513","249","598","207","630","205","640","177","88","249"
"BY-0002-001585-R.dw.png","217","181","240","179","272","257","283","201","291","118","359","260","407","292","393","269","437","231","410","214","447","178","448","134","467","102","476","280","516","240","597","195","630","189","639","162","92","259"
"BY-0002-001586-L.dw.png","207","175","230","173","275","252","272","193","279","114","354","251","406","280","388","257","431","223","395","205","437","169","441","129","454","95","476","269","513","228","592","190","629","185","637","157","88","254"
"BY-0002-001586-R.dw.png","202","171","227","168","275","248","265","188","278","109","355","245","405","273","387","251","429","216","398","199","433","164","437","123","448","87","473","262","512","221","590","181","623","177","630","148","85","252"
"BY-0002-001587-L.dw.png","218","180","245","178","283","263","286","205","303","118","364","266","419","303","402","277","444","239","419","222","460","183","465","139","483","105","485","292","525","249","607","209","649","205","658","174","88","255"
"BY-0002-001587-R.dw.png","218","179","243","180","281","263","282","205","303","119","366","268","419","305","403","279","444","241","418","223","459","187","464","142","483","109","486","294","526","253","604","213","648","208","658","177","89","254"
"BY-0002-001588-L.dw.png","218","181","241","180","281","260","281","203","296","122","359","262","418","297","404","274","444","238","415","222","455","182","463","142","477","109","486","287","523","248","601","207","639","203","647","173","83","253"
"BY-0002-001588-R.dw.png","219","184","244","183","284","262","282","204","297","125","360","263","421","297","406","274","442","236","419","221","458","180","466","140","480","107","490","285","529","244","610","203","643","199","650","168","83","256"
"BY-0002-001589-L.dw.png","210","180","234","180","280","261","278","203","291","121","360","262","417","294","399","271","435","234","405","217","443","178","446","135","463","102","478","283","511","243","586","202","625","196","635","165","86","256"
"BY-0002-001589-R.dw.png","209","184","231","182","275","262","276","204","287","121","363","262","417","294","400","271","436","234","406","217","444","177","444","133","460","100","478","283","513","239","585","199","624","194","632","162","87","261"
"BY-0002-001590-L.dw.png","218","178","240","175","278","257","282","198","293","115","366","261","417","295","400","271","451","235","410","214","454","178","459","138","472","103","490","285","531","243","613","204","649","200","657","170","89","255"
"BY-0002-001590-R.dw.png","217","180","237","178","277","260","281","200","290","116","367","263","417","295","404","271","448","234","410","214","453","178","456","135","469","101","491","284","533","241","613","201","650","198","656","167","90","259"
"BY-0002-001591-L.dw.png","211","173","231","172","265","249","274","194","284","113","352","254","402","287","386","264","427","227","403","212","437","177","442","135","462","103","471","277","506","239","592","197","626","194","637","166","87","243"
"BY-0002-001591-R.dw.png","210","174","232","172","268","248","275","196","281","112","350","254","402","286","386","263","429","228","403","212","437","177","441","134","462","102","471","277","507","239","590","198","624","195","637","167","87","244"
"BY-0003-001520-L.dw.png","188","172","210","172","247","251","256","197","271","114","336","254","386","282","371","261","404","226","380","210","415","174","419","136","438","102","450","272","484","236","560","198","589","194","589","161","68","245"
"BY-0003-001520-R.dw.png","193","174","215","173","258","253","265","198","277","114","342","253","392","279","381","260","412","225","384","208","422","171","426","133","442","102","460","270","494","232","569","192","598","188","596","155","75","250"
"BY-0003-001521-L.dw.png","197","174","219","173","259","248","265","198","272","114","340","253","392","285","377","261","414","228","389","211","423","175","423","133","441","100","463","273","494","238","574","197","608","194","611","165","81","251"
"BY-0003-001521-R.dw.png","196","174","216","173","262","246","261","196","268","114","339","249","395","279","379","256","411","222","386","207","422","171","421","130","435","95","465","266","495","230","572","189","606","185","607","155","84","257"
"BY-0003-001522-L.dw.png","215","183","232","182","284","258","280","204","287","119","354","260","409","292","394","271","433","237","399","214","441","181","445","140","461","104","478","282","513","243","592","202","626","198","635","170","93","265"
"BY-0003-001522-R.dw.png","215","183","233","180","286","256","278","203","288","119","353","259","410","291","395","269","430","235","397","214","442","179","447","138","464","102","477","281","516","240","595","199","626","196","636","166","92","263"
"BY-0003-001523-L.dw.png","217","194","238","191","281","275","284","216","293","129","367","278","419","308","400","285","448","247","411","225","454","191","457","142","471","108","483","297","530","254","608","211","641","206","648","172","82","275"
"BY-0003-001523-R.dw.png","220","193","239","190","282","274","288","216","294","126","367","278","415","309","398","285","449","249","413","225","454","191","458","142","472","109","483","298","527","255","608","212","640","208","652","176","82","271"
"BY-0003-001524-L.dw.png","203","185","230","184","267","265","267","207","285","123","349","266","406","299","389","277","425","241","396","222","436","187","440","144","459","112","471","289","507","253","589","210","623","207","631","179","81","260"
"BY-0003-001524-R.dw.png","195","198","223","192","271","264","268","208","265","123","354","249","413","270","397","250","426","208","393","196","425","154","419","113","431","77","478","247","509","201","576","146","609","136","611","105","91","297"
"BY-0003-001525-L.dw.png","203","187","230","186","268","261","273","210","282","127","340","262","401","295","383","272","423","238","395","220","432","185","439","141","452","106","467","283","504","244","589","201","620","198","622","167","83","263"
"BY-0003-001525-R.dw.png","201","182","226","182","266","259","267","206","282","124","336","259","396","292","380","269","417","235","391","216","432","182","438","139","453","105","464","281","500","242","584","197","616","195","620","164","80","257"
"BY-0003-001526-L.dw.png","197","178","221","176","264","252","263","197","272","116","344","252","397","282","380","260","416","225","387","207","425","173","422","130","436","97","461","271","494","234","576","193","608","190","613","160","87","258"
"BY-0003-001526-R.dw.png","199","177","222","175","269","253","268","200","277","116","344","255","397","285","382","264","418","230","385","211","427","176","427","133","444","100","463","275","498","239","581","197","611","194","617","164","84","253"
"BY-0003-001527-L.dw.png","211","181","234","179","271","256","281","204","290","118","360","261","411","291","392","268","433","236","407","216","441","178","447","135","465","103","478","282","515","244","601","201","628","197","630","165","82","257"
"BY-0003-001527-R.dw.png","211","180","236","179","276","258","278","205","290","120","354","263","407","295","389","272","427","239","401","221","440","185","447","141","463","110","474","288","512","252","598","210","626","207","627","174","83","255"
"BY-0003-001528-L.dw.png","216","181","238","179","275","258","282","203","295","121","358","259","418","291","399","268","440","237","404","215","445","181","452","139","466","106","488","281","522","244","601","203","632","200","634","169","88","259"
"BY-0003-001528-R.dw.png","214","180","237","178","278","256","282","202","293","119","359","256","420","287","400","265","439","233","406","214","445","177","451","136","463","103","489","277","525","241","599","200","632","196","638","165","87","258"
"BY-0003-001529-L.dw.png","203","177","224","175","269","256","267","199","280","118","341","257","392","287","378","266","419","231","387","211","424","177","428","134","444","103","458","278","498","237","571","199","599","194","604","165","88","256"
"BY-0003-001529-R.dw.png","207","176","227","174","266","254","269","197","281","118","341","256","394","285","378","264","417","230","388","211","424","178","431","134","447","103","459","276","499","236","570","199","599","195","604","163","89","252"
"BY-0003-001530-L.dw.png","201","189","229","188","270","272","275","214","285","126","354","274","407","307","391","284","426","246","401","229","438","191","445","147","463","114","470","297","509","256","589","213","622","209","630","179","82","265"
"BY-0003-001530-R.dw.png","199","191","226","188","274","270","272","213","281","126","351","270","407","301","392","279","424","241","398","223","435","186","441","143","458","109","469","291","507","251","587","204","620","201","625","169","85","268"
"BY-0004-001592-L.dw.png","216","193","238","190","287","269","289","216","290","124","361","269","419","303","400","279","444","243","409","222","449","183","453","143","471","106","486","292","524","251","598","209","632","204","641","170","86","273"
"BY-0004-001592-R.dw.png","214","193","239","190","290","270","289","215","291","125","365","269","421","303","403","278","445","240","415","222","450","182","455","142","471","106","489","290","526","250","599","208","633","202","643","169","85","273"
"BY-0004-001593-L.dw.png","218","195","238","192","283","271","286","216","297","125","365","272","420","305","404","282","446","246","406","224","450","187","454","145","473","109","486","294","521","255","598","214","634","209","644","176","87","272"
"BY-0004-001593-R.dw.png","217","195","237","193","279","271","283","214","293","124","365","270","423","300","404","279","446","242","405","219","448","183","452","140","470","104","488","290","520","249","601","207","635","201","642","166","88","275"
"BY-0004-001594-L.dw.png","213","188","234","186","280","268","283","214","292","124","353","271","404","305","386","281","430","245","402","228","437","189","445","145","465","110","469","294","509","254","587","213","622","209","630","177","85","261"
"BY-0004-001594-R.dw.png","212","186","232","185","279","267","280","213","291","122","353","269","404","303","387","279","427","243","403","226","436","188","442","143","461","109","466","293","504","254","586","212","620","208","627","175","85","260"
"BY-0004-001595-L.dw.png","214","194","236","193","281","275","284","221","298","132","359","280","413","316","394","290","431","254","407","235","454","195","459","151","479","114","483","307","523","264","604","225","640","221","651","187","85","265"
"BY-0004-001595-R.dw.png","212","196","234","195","283","278","285","224","297","132","364","280","416","314","397","289","435","251","407","233","453","193","456","149","473","111","485","304","523","261","604","219","639","214","654","180","89","274"
"BY-0004-001596-L.dw.png","213","196","234","194","277","273","286","219","289","127","360","272","420","304","397","279","438","243","407","225","442","187","447","144","466","107","480","294","521","252","593","214","627","207","631","172","84","277"
"BY-0004-001596-R.dw.png","212","192","236","191","278","270","286","216","292","125","359","271","417","304","398","280","435","245","406","225","444","187","448","145","467","109","481","294","520","253","593","215","628","211","634","177","85","271"
"BY-0004-001597-L.dw.png","211","190","230","187","279","266","281","213","287","123","360","267","417","299","397","275","435","238","406","222","441","182","446","140","466","106","480","289","514","248","587","208","623","203","633","169","85","269"
"BY-0004-001597-R.dw.png","213","193","232","191","279","268","280","215","287","126","359","268","418","300","397","276","430","240","405","224","441","184","445","142","464","108","481","290","516","249","587","208","623","201","630","169","84","272"
"BY-0004-001598-L.dw.png","207","181","232","180","268","259","276","205","284","119","344","263","400","297","381","273","425","238","395","217","436","183","442","140","458","108","469","287","504","246","575","208","611","202","611","168","84","253"
"BY-0004-001598-R.dw.png","208","181","230","179","271","260","275","205","283","120","345","265","402","298","382","273","430","238","396","218","438","182","442","139","458","107","468","287","504","247","576","208","612","202","614","168","82","254"
"BY-0004-001599-L.dw.png","198","185","220","185","265","262","267","210","279","118","342","265","398","299","381","275","426","241","398","225","434","183","437","140","451","104","465","288","509","247","582","207","621","201","626","167","79","259"
"BY-0004-001599-R.dw.png","199","182","223","183","264","260","268","208","283","120","339","265","398","300","382","277","426","244","399","229","436","187","441","143","457","109","466","291","507","254","584","214","622","211","628","176","80","254"
"BY-0004-001600-L.dw.png","203","182","224","180","265","260","272","206","281","118","344","263","396","293","381","272","425","235","393","215","438","179","443","137","458","101","471","281","507","243","588","202","619","198","630","166","86","260"
"BY-0004-001600-R.dw.png","201","181","225","180","267","258","273","205","280","116","344","258","398","290","383","268","423","231","388","212","437","176","441","134","457","98","471","277","507","238","584","196","619","191","628","159","85","260"
"BY-0004-001601-L.dw.png","215","191","238","188","287","271","287","216","293","122","362","272","420","306","400","282","445","246","410","224","449","186","454","145","472","107","486","296","526","255","602","213","638","208","648","175","82","268"
"BY-0004-001601-R.dw.png","217","194","239","192","286","274","288","218","296","124","364","275","420","309","403","284","447","248","411","227","450","188","457","146","474","109","487","298","526","258","603","216","640","210","649","176","84","272"
"BY-0005-001602-L.dw.png","205","173","227","172","271","246","272","198","277","117","338","247","393","282","374","256","419","225","388","207","425","173","427","133","445","102","457","271","492","232","565","195","605","190","612","158","82","245"
"BY-0005-001602-R.dw.png","208","183","229","182","278","262","275","208","282","125","354","263","406","300","389","273","432","241","400","221","440","187","446","145","465","111","475","289","509","252","590","210","626","206","635","174","90","260"
"BY-0005-001603-L.dw.png","206","185","229","184","273","264","270","207","282","125","353","265","405","301","386","275","428","242","396","223","439","188","442","146","461","111","469","291","507","252","589","210","621","206","633","177","87","263"
"BY-0005-001604-L.dw.png","211","180","234","180","279","267","277","207","291","123","361","270","416","305","397","280","438","241","413","223","459","185","465","142","479","108","482","295","528","251","612","209","646","205","655","172","83","258"
"BY-0005-001604-R.dw.png","214","185","237","184","286","272","282","212","295","127","363","276","421","310","403","286","442","247","413","229","463","190","469","146","485","111","486","302","532","258","617","216","652","210","660","179","86","263"
"BY-0005-001605-L.dw.png","206","183","229","183","272","260","272","209","281","124","353","264","404","298","386","272","431","241","402","221","440","187","444","145","460","112","472","287","510","251","591","210","628","207","634","175","86","258"
"BY-0005-001605-R.dw.png","207","185","231","184","269","261","271","208","279","123","352","263","408","297","388","272","433","239","405","222","441","186","446","144","463","110","473","287","509","249","592","207","631","203","635","171","87","262"
"BY-0005-001606-L.dw.png","200","179","223","178","263","256","261","201","275","122","342","257","395","292","379","267","426","235","394","217","432","181","437","138","452","105","466","281","503","245","583","201","617","197","622","164","84","257"
"BY-0005-001606-R.dw.png","201","177","223","178","262","256","263","201","280","121","343","258","396","294","380","268","428","238","396","219","437","184","442","142","459","108","466","285","503","249","586","208","623","203","630","172","82","253"
"BY-0005-001607-L.dw.png","207","184","230","182","270","262","277","208","284","124","350","265","405","299","388","276","433","242","405","224","442","188","446","144","463","111","474","291","511","255","594","213","632","210","638","176","83","259"
"BY-0005-001607-R.dw.png","206","184","231","183","267","262","271","207","286","124","349","265","404","299","387","276","433","244","402","224","442","189","446","146","463","114","472","292","511","254","597","214","630","211","639","179","83","259"
"BY-0005-001608-L.dw.png","215","179","243","179","277","258","280","202","297","121","355","261","414","296","395","272","445","236","413","214","454","184","460","144","477","109","484","285","517","247","601","208","642","205","653","173","86","255"
"BY-0005-001608-R.dw.png","217","179","241","178","276","257","279","202","296","121","353","261","412","295","392","271","442","235","411","213","452","185","457","145","473","111","482","285","517","247","598","208","637","204","650","175","85","254"
"BY-0005-001609-L.dw.png","215","182","238","181","267","255","281","206","290","126","344","259","406","296","386","270","431","236","409","220","448","186","450","143","463","109","472","288","513","248","597","210","630","206","636","176","87","254"
"BY-0005-001609-R.dw.png","213","184","237","183","268","258","279","207","286","124","347","261","407","296","387","271","435","235","409","219","445","183","447","139","460","104","472","287","513","245","595","206","629","202","636","171","88","258"
"BY-0005-001610-L.dw.png","207","180","232","181","271","261","274","207","284","123","351","265","402","300","385","275","427","242","398","223","439","188","443","144","460","112","469","291","508","255","586","216","625","212","630","180","85","254"
"BY-0005-001610-R.dw.png","205","181","231","182","270","261","275","207","282","123","353","265","403","300","385","275","430","242","398","221","440","188","443","145","459","113","469","292","509","255","590","216","626","212","632","181","85","257"
"BY-0005-001611-L.dw.png","213","184","238","182","289","260","280","204","289","123","361","260","415","292","394","268","438","234","411","215","448","183","445","142","461","107","479","283","516","242","593","204","629","199","636","168","90","262"
"BY-0005-001611-R.dw.png","212","183","236","182","286","261","278","205","288","123","363","262","413","294","395","270","437","236","409","217","445","185","445","143","460","109","479","285","517","243","595","206","628","201","638","172","89","259"
"BY-0005-001612-L.dw.png","208","182","235","182","272","259","275","207","285","124","351","262","411","296","392","271","438","238","403","217","444","180","445","138","458","105","479","286","518","247","594","206","633","202","639","170","84","255"
"BY-0005-001612-R.dw.png","207","182","233","182","273","260","275","206","286","123","353","263","412","296","394","272","436","237","401","217","444","181","444","138","457","102","479","286","520","246","596","206","634","202","639","170","85","257"
"BY-0005-001613-L.dw.png","208","175","234","176","264","255","268","198","287","120","338","258","406","297","385","272","439","238","398","213","447","185","451","144","469","111","472","288","510","249","596","213","637","210","651","182","81","249"
"BY-0005-001613-R.dw.png","205","178","232","178","261","257","264","199","285","121","337","259","405","296","383","272","434","236","395","213","443","184","445","143","465","111","471","286","515","245","593","210","631","206","645","177","81","254"
"BY-0005-001614-L.dw.png","204","182","226","182","269","261","273","208","278","123","349","262","402","296","383","271","430","238","396","217","438","184","441","141","456","107","464","287","508","247","589","207","623","203","633","171","85","262"
"BY-0005-001614-R.dw.png","203","182","227","181","272","262","269","207","280","122","348","264","403","299","385","274","431","242","397","220","439","188","442","144","460","110","466","291","508","253","593","213","626","210","636","179","86","261"
"BY-0005-001615-L.dw.png","202","178","229","178","272","257","272","204","280","121","346","259","402","294","385","269","426","236","394","217","435","182","436","140","453","105","465","286","506","246","583","208","622","204","625","171","83","249"
"BY-0005-001615-R.dw.png","205","181","230","180","279","258","276","206","281","122","350","259","406","292","390","267","426","232","400","216","437","178","436","137","450","102","469","283","510","241","584","202","623","199","628","166","85","255"
"BY-0005-001616-L.dw.png","211","179","232","178","274","260","275","205","286","122","354","265","412","299","395","276","439","241","407","220","448","185","453","144","473","109","479","290","515","252","602","211","637","205","644","173","86","252"
"BY-0005-001616-R.dw.png","214","180","232","179","276","261","282","208","289","121","358","265","417","297","400","275","444","241","410","219","451","185","455","143","474","108","481","288","518","249","608","207","640","202","648","171","89","255"
"BY-0005-001617-L.dw.png","207","179","228","179","271","259","273","206","286","121","343","261","406","296","386","271","430","237","399","218","442","184","450","144","467","110","473","287","509","249","596","206","632","200","637","170","78","249"
"BY-0005-001617-R.dw.png","207","180","228","180","271","260","272","207","288","123","343","264","404","299","383","274","431","241","401","220","442","187","451","147","469","113","471","291","508","254","597","213","632","208","638","178","79","250"
"BY-0005-001618-L.dw.png","201","180","227","179","266","255","268","203","279","121","343","255","401","291","381","265","429","234","397","216","435","182","439","140","454","107","468","281","505","245","586","204","619","200","622","168","84","257"
"BY-0005-001618-R.dw.png","201","177","226","178","262","253","264","200","279","120","344","255","401","290","382","264","425","232","400","217","435","181","437","140","452","107","467","280","505","243","586","202","619","199","620","166","83","257"
"BY-0005-001619-L.dw.png","207","181","230","181","267","261","271","206","280","125","346","263","406","298","387","274","438","241","403","219","442","186","445","142","459","110","471","289","510","249","589","207","628","202","635","171","84","258"
"BY-0005-001619-R.dw.png","207","180","228","180","266","260","268","204","279","125","346","262","404","298","386","273","434","241","399","219","441","187","444","143","460","112","470","289","511","249","590","209","626","204","631","173","84","256"
"BY-0005-001620-L.dw.png","203","182","224","181","265","261","266","205","278","122","344","261","399","295","383","271","431","238","395","216","438","182","443","140","459","106","469","284","507","245","586","205","623","200","631","169","84","262"
"BY-0005-001620-R.dw.png","201","179","225","179","262","259","265","204","277","121","343","259","399","295","381","270","430","240","394","217","436","185","441","143","459","110","468","285","508","247","588","210","623","206","631","176","80","255"
"BY-0005-001621-L.dw.png","200","181","227","181","265","256","269","204","276","122","344","259","398","294","380","269","426","236","397","217","436","184","439","140","452","106","466","284","503","247","583","205","622","200","625","168","82","254"
"BY-0005-001621-R.dw.png","202","181","224","181","264","256","270","204","275","123","344","259","397","294","380","268","424","235","398","217","435","184","437","139","450","106","464","284","501","245","583","204","620","199","625","167","83","257"
"BY-0005-001622-L.dw.png","209","178","233","179","268","258","271","202","287","119","348","259","407","295","391","270","437","237","405","216","447","182","453","139","466","106","479","284","518","246","602","204","635","200","642","169","83","257"
"BY-0005-001622-R.dw.png","208","179","230","179","264","259","269","204","285","120","344","262","405","298","388","274","438","243","399","220","446","187","453","144","467","110","478","289","516","252","602","211","635","207","642","176","82","256"
"BY-0005-001623-L.dw.png","203","177","229","177","262","254","271","202","282","120","350","257","408","291","388","266","430","232","406","215","444","182","445","141","460","107","471","283","510","246","593","205","627","201","635","170","83","248"
"BY-0005-001623-R.dw.png","204","177","232","176","271","254","271","201","283","119","352","255","411","289","389","264","435","231","407","214","448","179","447","139","461","103","474","280","511","244","594","202","630","198","638","168","84","249"
"BY-0005-001624-L.dw.png","207","174","230","174","266","253","270","200","284","118","339","255","400","291","379","266","425","232","388","212","429","180","431","138","450","107","460","281","497","242","573","203","612","197","615","166","77","244"
"BY-0005-001624-R.dw.png","207","170","230","171","266","249","268","196","283","117","337","252","395","288","377","263","422","230","386","208","427","176","429","136","446","105","458","279","496","239","572","201","608","196","613","164","78","240"
"BY-0005-001625-L.dw.png","214","185","235","184","271","262","280","209","286","125","353","266","415","301","394","275","437","240","408","221","450","186","453","142","466","105","479","291","523","248","603","206","635","201","639","168","88","259"
"BY-0005-001625-R.dw.png","219","183","240","184","272","262","283","209","289","124","354","267","415","304","394","277","435","243","413","225","454","190","458","146","473","111","478","296","522","253","607","214","640","210","644","178","90","256"
"BY-0005-001626-L.dw.png","214","178","236","178","281","264","278","203","292","121","362","268","421","304","402","278","442","242","418","223","461","185","465","143","483","108","487","294","529","254","608","214","644","208","656","176","86","253"
"BY-0005-001626-R.dw.png","211","181","235","180","279","268","277","206","291","124","360","271","421","305","400","281","441","245","414","226","457","190","462","146","478","111","483","297","525","257","606","218","642","213","651","181","86","259"
"BY-0005-001627-L.dw.png","201","179","227","180","267","259","267","204","284","122","346","261","400","297","382","272","427","239","399","218","437","186","441","143","459","112","470","287","503","252","585","209","623","205","629","174","83","256"
"BY-0005-001627-R.dw.png","202","181","226","181","266","258","269","204","282","122","348","260","402","295","382","269","428","236","398","217","436","182","439","141","457","108","469","284","505","247","584","206","619","202","627","171","85","260"
"BY-0005-001628-L.dw.png","207","181","229","181","269","259","276","206","284","122","354","263","402","297","384","272","432","240","403","221","441","187","442","144","457","112","466","290","505","252","585","213","621","209","628","179","82","255"
"BY-0005-001628-R.dw.png","206","183","231","183","266","260","272","205","282","123","353","263","403","296","385","272","429","239","404","221","438","186","440","142","455","110","469","288","505","250","582","211","621","206","626","175","83","258"
"BY-0005-001629-L.dw.png","207","178","234","178","270","262","276","205","295","123","349","264","411","300","389","274","433","237","408","219","446","185","449","143","465","109","476","289","512","249","590","209","629","204","638","171","87","260"
"BY-0005-001629-R.dw.png","205","176","231","176","271","259","277","204","294","122","355","262","412","297","392","271","437","235","410","216","446","183","447","140","463","106","476","286","512","246","590","205","627","200","636","168","89","259"
"BY-0005-001630-L.dw.png","206","183","230","183","270","261","273","209","278","123","351","261","408","293","387","270","434","236","398","217","439","183","441","140","458","108","475","283","511","243","592","202","629","197","634","166","86","264"
"BY-0005-001630-R.dw.png","208","181","231","180","272","258","270","203","279","120","349","257","406","291","387","267","432","234","398","215","438","181","443","140","459","107","475","281","510","243","592","202","627","197","631","167","89","260"
"BY-0005-001631-L.dw.png","205","181","230","181","269","255","273","206","280","123","346","258","400","292","382","268","425","235","396","216","437","183","441","139","455","107","466","283","504","245","582","206","622","202","631","170","83","256"
"BY-0005-001631-R.dw.png","205","181","227","181","270","256","269","203","278","121","346","257","398","291","382","267","424","234","395","214","433","182","436","138","452","105","463","282","502","243","582","204","617","199","624","167","85","259"
"BY-0005-001632-L.dw.png","215","190","240","189","278","267","284","212","289","125","355","267","414","301","393","276","438","240","411","222","452","186","454","143","468","106","480","291","521","249","607","208","639","204","648","172","90","270"
"BY-0005-001632-R.dw.png","219","182","242","181","275","261","285","208","292","123","349","264","411","300","393","274","434","240","411","222","452","187","456","143","474","108","478","292","518","252","605","212","639","208","651","178","86","256"
"BY-0005-001633-L.dw.png","211","179","234","178","266","254","274","203","280","122","343","257","406","293","385","268","429","234","408","217","446","183","447","139","463","104","472","285","513","245","597","205","629","200","640","172","84","249"
"BY-0005-001633-R.dw.png","211","179","234","178","265","254","275","203","282","122","344","257","407","292","384","267","426","233","404","216","444","183","444","140","458","105","469","285","511","243","593","205","625","201","636","173","85","249"
"BY-0005-001634-L.dw.png","208","180","231","179","271","257","273","204","283","122","350","260","403","294","387","269","431","237","400","218","440","185","443","142","457","109","469","285","506","247","584","208","624","204","631","174","84","256"
"BY-0005-001634-R.dw.png","211","183","233","181","273","259","275","206","283","124","355","260","409","293","391","269","434","235","406","217","443","182","445","139","457","106","472","284","511","245","589","202","627","196","631","165","86","260"
"BY-0005-001635-L.dw.png","202","174","229","175","261","255","270","202","282","120","340","258","399","292","380","267","426","235","393","214","435","181","444","138","459","106","467","283","503","247","590","204","622","200","627","167","78","245"
"BY-0005-001635-R.dw.png","203","174","226","176","264","255","268","201","281","121","341","257","399","289","379","266","425","232","395","214","435","179","442","137","456","106","468","279","502","242","588","198","620","193","625","163","79","247"
"BY-0005-001636-L.dw.png","210","179","234","178","277","252","278","200","290","118","353","253","412","287","390","262","440","230","408","209","449","177","448","135","463","102","477","278","520","235","601","198","637","194","645","165","87","257"
"BY-0005-001636-R.dw.png","209","181","230","179","275","255","277","201","284","117","353","254","411","287","389","262","439","228","410","209","446","176","444","133","458","99","476","277","520","233","598","193","635","188","646","160","89","263"
