file,sample, latitude , longitude ,date,resolution,notes
ES-0517-1-23.dw.png,ES-0517, 41.9816    ,-7.9390    ,2019,,
ES-0517-1-24.dw.png,ES-0517, 41.9816    ,-7.9390    ,2019,,
ES-0517-1-25.dw.png,ES-0517, 41.9816    ,-7.9390    ,2019,,
ES-0517-1-26.dw.png,ES-0517, 41.9816    ,-7.9390    ,2019,,
ES-0517-1-27.dw.png,ES-0517, 41.9816    ,-7.9390    ,2019,,
ES-0517-1-28.dw.png,ES-0517, 41.9816    ,-7.9390    ,2019,,
ES-0517-1-29.dw.png,ES-0517, 41.9816    ,-7.9390    ,2019,,
ES-0517-1-30.dw.png,ES-0517, 41.9816    ,-7.9390    ,2019,,
ES-0517-1-31.dw.png,ES-0517, 41.9816    ,-7.9390    ,2019,,
ES-0517-1-32.dw.png,ES-0517, 41.9816    ,-7.9390    ,2019,,
ES-0518-2-32.dw.png,ES-0518, 41.9818    ,-7.9412    ,2019,,
ES-0518-2-33.dw.png,ES-0518, 41.9818    ,-7.9412    ,2019,,
ES-0518-2-34.dw.png,ES-0518, 41.9818    ,-7.9412    ,2019,,
ES-0518-2-35.dw.png,ES-0518, 41.9818    ,-7.9412    ,2019,,
ES-0518-2-36.dw.png,ES-0518, 41.9818    ,-7.9412    ,2019,,
ES-0518-2-37.dw.png,ES-0518, 41.9818    ,-7.9412    ,2019,,
ES-0518-2-38.dw.png,ES-0518, 41.9818    ,-7.9412    ,2019,,
ES-0518-2-39.dw.png,ES-0518, 41.9818    ,-7.9412    ,2019,,
ES-0518-2-40.dw.png,ES-0518, 41.9818    ,-7.9412    ,2019,,
ES-0518-2-41.dw.png,ES-0518, 41.9818    ,-7.9412    ,2019,,
ES-0519-3-41.dw.png,ES-0519, 41.9842    ,-7.9385    ,2019,,
ES-0519-3-42.dw.png,ES-0519, 41.9842    ,-7.9385    ,2019,,
ES-0519-3-43.dw.png,ES-0519, 41.9842    ,-7.9385    ,2019,,
ES-0519-3-44.dw.png,ES-0519, 41.9842    ,-7.9385    ,2019,,
ES-0519-3-45.dw.png,ES-0519, 41.9842    ,-7.9385    ,2019,,
ES-0519-3-46.dw.png,ES-0519, 41.9842    ,-7.9385    ,2019,,
ES-0519-3-47.dw.png,ES-0519, 41.9842    ,-7.9385    ,2019,,
ES-0519-3-48.dw.png,ES-0519, 41.9842    ,-7.9385    ,2019,,
ES-0519-3-49.dw.png,ES-0519, 41.9842    ,-7.9385    ,2019,,
ES-0519-3-50.dw.png,ES-0519, 41.9842    ,-7.9385    ,2019,,
ES-0520-4-50.dw.png,ES-0520, 42.0594    ,-7.7081    ,2019,,
ES-0520-4-51.dw.png,ES-0520, 42.0594    ,-7.7081    ,2019,,
ES-0520-4-52.dw.png,ES-0520, 42.0594    ,-7.7081    ,2019,,
ES-0520-4-53.dw.png,ES-0520, 42.0594    ,-7.7081    ,2019,,
ES-0520-4-54.dw.png,ES-0520, 42.0594    ,-7.7081    ,2019,,
ES-0520-4-55.dw.png,ES-0520, 42.0594    ,-7.7081    ,2019,,
ES-0520-4-56.dw.png,ES-0520, 42.0594    ,-7.7081    ,2019,,
ES-0520-4-57.dw.png,ES-0520, 42.0594    ,-7.7081    ,2019,,
ES-0520-4-58.dw.png,ES-0520, 42.0594    ,-7.7081    ,2019,,
ES-0520-4-59.dw.png,ES-0520, 42.0594    ,-7.7081    ,2019,,
ES-0521-7-59.dw.png,ES-0521, 42.0631    ,-7.6659    ,2019,,
ES-0521-7-60.dw.png,ES-0521, 42.0631    ,-7.6659    ,2019,,
ES-0521-7-61.dw.png,ES-0521, 42.0631    ,-7.6659    ,2019,,
ES-0521-7-62.dw.png,ES-0521, 42.0631    ,-7.6659    ,2019,,
ES-0521-7-63.dw.png,ES-0521, 42.0631    ,-7.6659    ,2019,,
ES-0521-7-64.dw.png,ES-0521, 42.0631    ,-7.6659    ,2019,,
ES-0521-7-65.dw.png,ES-0521, 42.0631    ,-7.6659    ,2019,,
ES-0521-7-66.dw.png,ES-0521, 42.0631    ,-7.6659    ,2019,,
ES-0521-7-67.dw.png,ES-0521, 42.0631    ,-7.6659    ,2019,,
ES-0521-7-68.dw.png,ES-0521, 42.0631    ,-7.6659    ,2019,,
ES-0522-8-68.dw.png,ES-0522, 42.0688    ,-7.6699    ,2019,,
ES-0522-8-69.dw.png,ES-0522, 42.0688    ,-7.6699    ,2019,,
ES-0522-8-70.dw.png,ES-0522, 42.0688    ,-7.6699    ,2019,,
ES-0522-8-71.dw.png,ES-0522, 42.0688    ,-7.6699    ,2019,,
ES-0522-8-72.dw.png,ES-0522, 42.0688    ,-7.6699    ,2019,,
ES-0522-8-73.dw.png,ES-0522, 42.0688    ,-7.6699    ,2019,,
ES-0522-8-74.dw.png,ES-0522, 42.0688    ,-7.6699    ,2019,,
ES-0522-8-75.dw.png,ES-0522, 42.0688    ,-7.6699    ,2019,,
ES-0522-8-76.dw.png,ES-0522, 42.0688    ,-7.6699    ,2019,,
ES-0522-8-77.dw.png,ES-0522, 42.0688    ,-7.6699    ,2019,,
ES-0523-10-77.dw.png,ES-0523, 42.0822    ,-7.8315    ,2019,,
ES-0523-10-78.dw.png,ES-0523, 42.0822    ,-7.8315    ,2019,,
ES-0523-10-79.dw.png,ES-0523, 42.0822    ,-7.8315    ,2019,,
ES-0523-10-80.dw.png,ES-0523, 42.0822    ,-7.8315    ,2019,,
ES-0523-10-81.dw.png,ES-0523, 42.0822    ,-7.8315    ,2019,,
ES-0523-10-82.dw.png,ES-0523, 42.0822    ,-7.8315    ,2019,,
ES-0523-10-83.dw.png,ES-0523, 42.0822    ,-7.8315    ,2019,,
ES-0523-10-84.dw.png,ES-0523, 42.0822    ,-7.8315    ,2019,,
ES-0523-10-85.dw.png,ES-0523, 42.0822    ,-7.8315    ,2019,,
ES-0523-10-86.dw.png,ES-0523, 42.0822    ,-7.8315    ,2019,,
ES-0524-11-86.dw.png,ES-0524, 42.0947    ,-7.6022    ,2019,,
ES-0524-11-87.dw.png,ES-0524, 42.0947    ,-7.6022    ,2019,,
ES-0524-11-88.dw.png,ES-0524, 42.0947    ,-7.6022    ,2019,,
ES-0524-11-89.dw.png,ES-0524, 42.0947    ,-7.6022    ,2019,,
ES-0524-11-90.dw.png,ES-0524, 42.0947    ,-7.6022    ,2019,,
ES-0524-11-91.dw.png,ES-0524, 42.0947    ,-7.6022    ,2019,,
ES-0524-11-92.dw.png,ES-0524, 42.0947    ,-7.6022    ,2019,,
ES-0524-11-93.dw.png,ES-0524, 42.0947    ,-7.6022    ,2019,,
ES-0524-11-94.dw.png,ES-0524, 42.0947    ,-7.6022    ,2019,,
ES-0524-11-95.dw.png,ES-0524, 42.0947    ,-7.6022    ,2019,,
ES-0525-14-100.dw.png,ES-0525, 42.1013    ,-7.7380    ,2019,,
ES-0525-14-101.dw.png,ES-0525, 42.1013    ,-7.7380    ,2019,,
ES-0525-14-102.dw.png,ES-0525, 42.1013    ,-7.7380    ,2019,,
ES-0525-14-103.dw.png,ES-0525, 42.1013    ,-7.7380    ,2019,,
ES-0525-14-104.dw.png,ES-0525, 42.1013    ,-7.7380    ,2019,,
ES-0525-14-95.dw.png,ES-0525, 42.1013    ,-7.7380    ,2019,,
ES-0525-14-96.dw.png,ES-0525, 42.1013    ,-7.7380    ,2019,,
ES-0525-14-97.dw.png,ES-0525, 42.1013    ,-7.7380    ,2019,,
ES-0525-14-98.dw.png,ES-0525, 42.1013    ,-7.7380    ,2019,,
ES-0525-14-99.dw.png,ES-0525, 42.1013    ,-7.7380    ,2019,,
ES-0526-15-104.dw.png,ES-0526, 42.1021    ,-7.6597    ,2019,,
ES-0526-15-105.dw.png,ES-0526, 42.1021    ,-7.6597    ,2019,,
ES-0526-15-106.dw.png,ES-0526, 42.1021    ,-7.6597    ,2019,,
ES-0526-15-107.dw.png,ES-0526, 42.1021    ,-7.6597    ,2019,,
ES-0526-15-108.dw.png,ES-0526, 42.1021    ,-7.6597    ,2019,,
ES-0526-15-109.dw.png,ES-0526, 42.1021    ,-7.6597    ,2019,,
ES-0526-15-110.dw.png,ES-0526, 42.1021    ,-7.6597    ,2019,,
ES-0526-15-111.dw.png,ES-0526, 42.1021    ,-7.6597    ,2019,,
ES-0526-15-112.dw.png,ES-0526, 42.1021    ,-7.6597    ,2019,,
ES-0526-15-113.dw.png,ES-0526, 42.1021    ,-7.6597    ,2019,,
ES-0527-16-113.dw.png,ES-0527, 42.1021    ,-7.6596    ,2019,,
ES-0527-16-114.dw.png,ES-0527, 42.1021    ,-7.6596    ,2019,,
ES-0527-16-115.dw.png,ES-0527, 42.1021    ,-7.6596    ,2019,,
ES-0527-16-116.dw.png,ES-0527, 42.1021    ,-7.6596    ,2019,,
ES-0527-16-117.dw.png,ES-0527, 42.1021    ,-7.6596    ,2019,,
ES-0527-16-118.dw.png,ES-0527, 42.1021    ,-7.6596    ,2019,,
ES-0527-16-119.dw.png,ES-0527, 42.1021    ,-7.6596    ,2019,,
ES-0527-16-120.dw.png,ES-0527, 42.1021    ,-7.6596    ,2019,,
ES-0527-16-121.dw.png,ES-0527, 42.1021    ,-7.6596    ,2019,,
ES-0527-16-122.dw.png,ES-0527, 42.1021    ,-7.6596    ,2019,,
ES-0528-19-122.dw.png,ES-0528, 42.1194    ,-7.7465    ,2019,,
ES-0528-19-123.dw.png,ES-0528, 42.1194    ,-7.7465    ,2019,,
ES-0528-19-124.dw.png,ES-0528, 42.1194    ,-7.7465    ,2019,,
ES-0528-19-125.dw.png,ES-0528, 42.1194    ,-7.7465    ,2019,,
ES-0528-19-126.dw.png,ES-0528, 42.1194    ,-7.7465    ,2019,,
ES-0528-19-127.dw.png,ES-0528, 42.1194    ,-7.7465    ,2019,,
ES-0528-19-128.dw.png,ES-0528, 42.1194    ,-7.7465    ,2019,,
ES-0528-19-129.dw.png,ES-0528, 42.1194    ,-7.7465    ,2019,,
ES-0528-19-130.dw.png,ES-0528, 42.1194    ,-7.7465    ,2019,,
ES-0528-19-131.dw.png,ES-0528, 42.1194    ,-7.7465    ,2019,,
ES-0529-20-131.dw.png,ES-0529, 42.1251    ,-7.6792    ,2019,,
ES-0529-20-132.dw.png,ES-0529, 42.1251    ,-7.6792    ,2019,,
ES-0529-20-133.dw.png,ES-0529, 42.1251    ,-7.6792    ,2019,,
ES-0529-20-134.dw.png,ES-0529, 42.1251    ,-7.6792    ,2019,,
ES-0529-20-135.dw.png,ES-0529, 42.1251    ,-7.6792    ,2019,,
ES-0529-20-136.dw.png,ES-0529, 42.1251    ,-7.6792    ,2019,,
ES-0529-20-137.dw.png,ES-0529, 42.1251    ,-7.6792    ,2019,,
ES-0529-20-138.dw.png,ES-0529, 42.1251    ,-7.6792    ,2019,,
ES-0529-20-139.dw.png,ES-0529, 42.1251    ,-7.6792    ,2019,,
ES-0529-20-140.dw.png,ES-0529, 42.1251    ,-7.6792    ,2019,,
ES-0530-22-140.dw.png,ES-0530, 42.1450    ,-7.6399    ,2019,,
ES-0530-22-141.dw.png,ES-0530, 42.1450    ,-7.6399    ,2019,,
ES-0530-22-142.dw.png,ES-0530, 42.1450    ,-7.6399    ,2019,,
ES-0530-22-143.dw.png,ES-0530, 42.1450    ,-7.6399    ,2019,,
ES-0530-22-144.dw.png,ES-0530, 42.1450    ,-7.6399    ,2019,,
ES-0530-22-145.dw.png,ES-0530, 42.1450    ,-7.6399    ,2019,,
ES-0530-22-146.dw.png,ES-0530, 42.1450    ,-7.6399    ,2019,,
ES-0530-22-147.dw.png,ES-0530, 42.1450    ,-7.6399    ,2019,,
ES-0530-22-148.dw.png,ES-0530, 42.1450    ,-7.6399    ,2019,,
ES-0530-22-149.dw.png,ES-0530, 42.1450    ,-7.6399    ,2019,,
ES-0531-23-149.dw.png,ES-0531, 42.1392    ,-7.7595    ,2019,,
ES-0531-23-150.dw.png,ES-0531, 42.1392    ,-7.7595    ,2019,,
ES-0531-23-151.dw.png,ES-0531, 42.1392    ,-7.7595    ,2019,,
ES-0531-23-152.dw.png,ES-0531, 42.1392    ,-7.7595    ,2019,,
ES-0531-23-153.dw.png,ES-0531, 42.1392    ,-7.7595    ,2019,,
ES-0531-23-154.dw.png,ES-0531, 42.1392    ,-7.7595    ,2019,,
ES-0531-23-155.dw.png,ES-0531, 42.1392    ,-7.7595    ,2019,,
ES-0531-23-156.dw.png,ES-0531, 42.1392    ,-7.7595    ,2019,,
ES-0531-23-157.dw.png,ES-0531, 42.1392    ,-7.7595    ,2019,,
ES-0531-23-158.dw.png,ES-0531, 42.1392    ,-7.7595    ,2019,,
ES-0532-24-158.dw.png,ES-0532, 42.1459    ,-7.6368    ,2019,,
ES-0532-24-159.dw.png,ES-0532, 42.1459    ,-7.6368    ,2019,,
ES-0532-24-160.dw.png,ES-0532, 42.1459    ,-7.6368    ,2019,,
ES-0532-24-161.dw.png,ES-0532, 42.1459    ,-7.6368    ,2019,,
ES-0532-24-162.dw.png,ES-0532, 42.1459    ,-7.6368    ,2019,,
ES-0532-24-163.dw.png,ES-0532, 42.1459    ,-7.6368    ,2019,,
ES-0532-24-164.dw.png,ES-0532, 42.1459    ,-7.6368    ,2019,,
ES-0532-24-165.dw.png,ES-0532, 42.1459    ,-7.6368    ,2019,,
ES-0532-24-166.dw.png,ES-0532, 42.1459    ,-7.6368    ,2019,,
ES-0532-24-167.dw.png,ES-0532, 42.1459    ,-7.6368    ,2019,,
ES-0533-28-167.dw.png,ES-0533, 42.1616    ,-7.6108    ,2019,,
ES-0533-28-168.dw.png,ES-0533, 42.1616    ,-7.6108    ,2019,,
ES-0533-28-169.dw.png,ES-0533, 42.1616    ,-7.6108    ,2019,,
ES-0533-28-170.dw.png,ES-0533, 42.1616    ,-7.6108    ,2019,,
ES-0533-28-171.dw.png,ES-0533, 42.1616    ,-7.6108    ,2019,,
ES-0533-28-172.dw.png,ES-0533, 42.1616    ,-7.6108    ,2019,,
ES-0533-28-173.dw.png,ES-0533, 42.1616    ,-7.6108    ,2019,,
ES-0533-28-174.dw.png,ES-0533, 42.1616    ,-7.6108    ,2019,,
ES-0533-28-175.dw.png,ES-0533, 42.1616    ,-7.6108    ,2019,,
ES-0533-28-176.dw.png,ES-0533, 42.1616    ,-7.6108    ,2019,,
ES-0534-30o-176.dw.png,ES-0534, 42.1663    ,-7.7056    ,2019,,
ES-0534-30o-177.dw.png,ES-0534, 42.1663    ,-7.7056    ,2019,,
ES-0534-30o-178.dw.png,ES-0534, 42.1663    ,-7.7056    ,2019,,
ES-0534-30o-179.dw.png,ES-0534, 42.1663    ,-7.7056    ,2019,,
ES-0534-30o-180.dw.png,ES-0534, 42.1663    ,-7.7056    ,2019,,
ES-0534-30o-181.dw.png,ES-0534, 42.1663    ,-7.7056    ,2019,,
ES-0534-30o-182.dw.png,ES-0534, 42.1663    ,-7.7056    ,2019,,
ES-0534-30o-183.dw.png,ES-0534, 42.1663    ,-7.7056    ,2019,,
ES-0534-30o-184.dw.png,ES-0534, 42.1663    ,-7.7056    ,2019,,
ES-0534-30o-185.dw.png,ES-0534, 42.1663    ,-7.7056    ,2019,,
ES-0535-30u-185.dw.png,ES-0535, 42.1663    ,-7.7056    ,2019,,
ES-0535-30u-186.dw.png,ES-0535, 42.1663    ,-7.7056    ,2019,,
ES-0535-30u-187.dw.png,ES-0535, 42.1663    ,-7.7056    ,2019,,
ES-0535-30u-188.dw.png,ES-0535, 42.1663    ,-7.7056    ,2019,,
ES-0535-30u-189.dw.png,ES-0535, 42.1663    ,-7.7056    ,2019,,
ES-0535-30u-190.dw.png,ES-0535, 42.1663    ,-7.7056    ,2019,,
ES-0535-30u-191.dw.png,ES-0535, 42.1663    ,-7.7056    ,2019,,
ES-0535-30u-192.dw.png,ES-0535, 42.1663    ,-7.7056    ,2019,,
ES-0535-30u-193.dw.png,ES-0535, 42.1663    ,-7.7056    ,2019,,
ES-0535-30u-194.dw.png,ES-0535, 42.1663    ,-7.7056    ,2019,,
ES-0536-32-194.dw.png,ES-0536, 42.1804    ,-7.4988    ,2019,,
ES-0536-32-195.dw.png,ES-0536, 42.1804    ,-7.4988    ,2019,,
ES-0536-32-196.dw.png,ES-0536, 42.1804    ,-7.4988    ,2019,,
ES-0536-32-197.dw.png,ES-0536, 42.1804    ,-7.4988    ,2019,,
ES-0536-32-198.dw.png,ES-0536, 42.1804    ,-7.4988    ,2019,,
ES-0536-32-199.dw.png,ES-0536, 42.1804    ,-7.4988    ,2019,,
ES-0536-32-200.dw.png,ES-0536, 42.1804    ,-7.4988    ,2019,,
ES-0536-32-201.dw.png,ES-0536, 42.1804    ,-7.4988    ,2019,,
ES-0536-32-202.dw.png,ES-0536, 42.1804    ,-7.4988    ,2019,,
ES-0536-32-203.dw.png,ES-0536, 42.1804    ,-7.4988    ,2019,,
ES-0537-33-203.dw.png,ES-0537, 42.0268    ,-7.8126    ,2019,,
ES-0537-33-204.dw.png,ES-0537, 42.0268    ,-7.8126    ,2019,,
ES-0537-33-205.dw.png,ES-0537, 42.0268    ,-7.8126    ,2019,,
ES-0537-33-206.dw.png,ES-0537, 42.0268    ,-7.8126    ,2019,,
ES-0537-33-207.dw.png,ES-0537, 42.0268    ,-7.8126    ,2019,,
ES-0537-33-208.dw.png,ES-0537, 42.0268    ,-7.8126    ,2019,,
ES-0537-33-209.dw.png,ES-0537, 42.0268    ,-7.8126    ,2019,,
ES-0537-33-210.dw.png,ES-0537, 42.0268    ,-7.8126    ,2019,,
ES-0537-33-211.dw.png,ES-0537, 42.0268    ,-7.8126    ,2019,,
ES-0537-33-212.dw.png,ES-0537, 42.0268    ,-7.8126    ,2019,,
ES-0538-A002638-L.dw.png,ES-0538, 38.7550    ,-0.0596    ,2017,94488,
ES-0538-A002638-R.dw.png,ES-0538, 38.7550    ,-0.0596    ,2017,94488,
ES-0538-A002639-L.dw.png,ES-0538, 38.7550    ,-0.0596    ,2017,94488,
ES-0538-A002639-R.dw.png,ES-0538, 38.7550    ,-0.0596    ,2017,94488,
ES-0538-A002640-L.dw.png,ES-0538, 38.7550    ,-0.0596    ,2017,94488,
ES-0538-A002640-R.dw.png,ES-0538, 38.7550    ,-0.0596    ,2017,94488,
ES-0538-A002641-L.dw.png,ES-0538, 38.7550    ,-0.0596    ,2017,94488,
ES-0538-A002641-R.dw.png,ES-0538, 38.7550    ,-0.0596    ,2017,94488,
ES-0538-A002642-L.dw.png,ES-0538, 38.7550    ,-0.0596    ,2017,94488,
ES-0538-A002642-R.dw.png,ES-0538, 38.7550    ,-0.0596    ,2017,94488,
ES-0538-A002643-L.dw.png,ES-0538, 38.7550    ,-0.0596    ,2017,94488,
ES-0538-A002643-R.dw.png,ES-0538, 38.7550    ,-0.0596    ,2017,94488,
ES-0538-A002644-L.dw.png,ES-0538, 38.7550    ,-0.0596    ,2017,94488,
ES-0538-A002644-R.dw.png,ES-0538, 38.7550    ,-0.0596    ,2017,94488,
ES-0538-A002645-L.dw.png,ES-0538, 38.7550    ,-0.0596    ,2017,94488,
ES-0538-A002645-R.dw.png,ES-0538, 38.7550    ,-0.0596    ,2017,94488,
ES-0538-A002646-L.dw.png,ES-0538, 38.7550    ,-0.0596    ,2017,94488,
ES-0538-A002646-R.dw.png,ES-0538, 38.7550    ,-0.0596    ,2017,94488,
ES-0538-A002647-L.dw.png,ES-0538, 38.7550    ,-0.0596    ,2017,94488,
ES-0538-A002647-R.dw.png,ES-0538, 38.7550    ,-0.0596    ,2017,94488,
ES-0539-A002648-L.dw.png,ES-0539, 38.7550    ,-0.0596    ,2017,94488,
ES-0539-A002648-R.dw.png,ES-0539, 38.7550    ,-0.0596    ,2017,94488,
ES-0539-A002649-L.dw.png,ES-0539, 38.7550    ,-0.0596    ,2017,94488,
ES-0539-A002649-R.dw.png,ES-0539, 38.7550    ,-0.0596    ,2017,94488,
ES-0539-A002650-L.dw.png,ES-0539, 38.7550    ,-0.0596    ,2017,94488,
ES-0539-A002650-R.dw.png,ES-0539, 38.7550    ,-0.0596    ,2017,94488,
ES-0539-A002651-L.dw.png,ES-0539, 38.7550    ,-0.0596    ,2017,94488,
ES-0539-A002651-R.dw.png,ES-0539, 38.7550    ,-0.0596    ,2017,94488,
ES-0539-A002652-L.dw.png,ES-0539, 38.7550    ,-0.0596    ,2017,94488,
ES-0539-A002652-R.dw.png,ES-0539, 38.7550    ,-0.0596    ,2017,94488,
ES-0539-A002653-L.dw.png,ES-0539, 38.7550    ,-0.0596    ,2017,94488,
ES-0539-A002653-R.dw.png,ES-0539, 38.7550    ,-0.0596    ,2017,94488,
ES-0539-A002654-L.dw.png,ES-0539, 38.7550    ,-0.0596    ,2017,94488,
ES-0539-A002654-R.dw.png,ES-0539, 38.7550    ,-0.0596    ,2017,94488,
ES-0539-A002655-L.dw.png,ES-0539, 38.7550    ,-0.0596    ,2017,94488,
ES-0539-A002655-R.dw.png,ES-0539, 38.7550    ,-0.0596    ,2017,94488,
ES-0539-A002656-L.dw.png,ES-0539, 38.7550    ,-0.0596    ,2017,94488,
ES-0539-A002656-R.dw.png,ES-0539, 38.7550    ,-0.0596    ,2017,94488,
ES-0539-A002657-L.dw.png,ES-0539, 38.7550    ,-0.0596    ,2017,94488,
ES-0539-A002657-R.dw.png,ES-0539, 38.7550    ,-0.0596    ,2017,94488,
ES-0540-A002658-L.dw.png,ES-0540, 38.7550    ,-0.0596    ,2017,94488,
ES-0540-A002658-R.dw.png,ES-0540, 38.7550    ,-0.0596    ,2017,94488,
ES-0540-A002659-L.dw.png,ES-0540, 38.7550    ,-0.0596    ,2017,94488,
ES-0540-A002659-R.dw.png,ES-0540, 38.7550    ,-0.0596    ,2017,94488,
ES-0540-A002660-L.dw.png,ES-0540, 38.7550    ,-0.0596    ,2017,94488,
ES-0540-A002660-R.dw.png,ES-0540, 38.7550    ,-0.0596    ,2017,94488,
ES-0540-A002661-L.dw.png,ES-0540, 38.7550    ,-0.0596    ,2017,94488,
ES-0540-A002661-R.dw.png,ES-0540, 38.7550    ,-0.0596    ,2017,94488,
ES-0540-A002662-L.dw.png,ES-0540, 38.7550    ,-0.0596    ,2017,94488,
ES-0540-A002662-R.dw.png,ES-0540, 38.7550    ,-0.0596    ,2017,94488,
ES-0540-A002663-L.dw.png,ES-0540, 38.7550    ,-0.0596    ,2017,94488,
ES-0540-A002663-R.dw.png,ES-0540, 38.7550    ,-0.0596    ,2017,94488,
ES-0540-A002664-L.dw.png,ES-0540, 38.7550    ,-0.0596    ,2017,94488,
ES-0540-A002664-R.dw.png,ES-0540, 38.7550    ,-0.0596    ,2017,94488,
ES-0540-A002665-L.dw.png,ES-0540, 38.7550    ,-0.0596    ,2017,94488,
ES-0540-A002665-R.dw.png,ES-0540, 38.7550    ,-0.0596    ,2017,94488,
ES-0540-A002666-L.dw.png,ES-0540, 38.7550    ,-0.0596    ,2017,94488,
ES-0540-A002666-R.dw.png,ES-0540, 38.7550    ,-0.0596    ,2017,94488,
ES-0540-A002667-L.dw.png,ES-0540, 38.7550    ,-0.0596    ,2017,94488,
ES-0540-A002667-R.dw.png,ES-0540, 38.7550    ,-0.0596    ,2017,94488,
ES-0541-A002668-L.dw.png,ES-0541, 38.7550    ,-0.0596    ,2017,94488,
ES-0541-A002668-R.dw.png,ES-0541, 38.7550    ,-0.0596    ,2017,94488,
ES-0541-A002669-L.dw.png,ES-0541, 38.7550    ,-0.0596    ,2017,94488,
ES-0541-A002669-R.dw.png,ES-0541, 38.7550    ,-0.0596    ,2017,94488,
ES-0541-A002670-L.dw.png,ES-0541, 38.7550    ,-0.0596    ,2017,94488,
ES-0541-A002670-R.dw.png,ES-0541, 38.7550    ,-0.0596    ,2017,94488,
ES-0541-A002671-L.dw.png,ES-0541, 38.7550    ,-0.0596    ,2017,94488,
ES-0541-A002671-R.dw.png,ES-0541, 38.7550    ,-0.0596    ,2017,94488,
ES-0541-A002672-L.dw.png,ES-0541, 38.7550    ,-0.0596    ,2017,94488,
ES-0541-A002672-R.dw.png,ES-0541, 38.7550    ,-0.0596    ,2017,94488,
ES-0541-A002673-L.dw.png,ES-0541, 38.7550    ,-0.0596    ,2017,94488,
ES-0541-A002673-R.dw.png,ES-0541, 38.7550    ,-0.0596    ,2017,94488,
ES-0541-A002674-L.dw.png,ES-0541, 38.7550    ,-0.0596    ,2017,94488,
ES-0541-A002674-R.dw.png,ES-0541, 38.7550    ,-0.0596    ,2017,94488,
ES-0541-A002675-L.dw.png,ES-0541, 38.7550    ,-0.0596    ,2017,94488,
ES-0541-A002675-R.dw.png,ES-0541, 38.7550    ,-0.0596    ,2017,94488,
ES-0541-A002676-L.dw.png,ES-0541, 38.7550    ,-0.0596    ,2017,94488,
ES-0541-A002676-R.dw.png,ES-0541, 38.7550    ,-0.0596    ,2017,94488,
ES-0541-A002677-L.dw.png,ES-0541, 38.7550    ,-0.0596    ,2017,94488,
ES-0541-A002677-R.dw.png,ES-0541, 38.7550    ,-0.0596    ,2017,94488,
ES-0542-A002678-L.dw.png,ES-0542, 38.7550    ,-0.0596    ,2017,94488,
ES-0542-A002678-R.dw.png,ES-0542, 38.7550    ,-0.0596    ,2017,94488,
ES-0542-A002679-L.dw.png,ES-0542, 38.7550    ,-0.0596    ,2017,94488,
ES-0542-A002679-R.dw.png,ES-0542, 38.7550    ,-0.0596    ,2017,94488,
ES-0542-A002680-L.dw.png,ES-0542, 38.7550    ,-0.0596    ,2017,94488,
ES-0542-A002680-R.dw.png,ES-0542, 38.7550    ,-0.0596    ,2017,94488,
ES-0542-A002681-L.dw.png,ES-0542, 38.7550    ,-0.0596    ,2017,94488,
ES-0542-A002681-R.dw.png,ES-0542, 38.7550    ,-0.0596    ,2017,94488,
ES-0542-A002682-L.dw.png,ES-0542, 38.7550    ,-0.0596    ,2017,94488,
ES-0542-A002682-R.dw.png,ES-0542, 38.7550    ,-0.0596    ,2017,94488,
ES-0542-A002683-L.dw.png,ES-0542, 38.7550    ,-0.0596    ,2017,94488,
ES-0542-A002683-R.dw.png,ES-0542, 38.7550    ,-0.0596    ,2017,94488,
ES-0542-A002684-L.dw.png,ES-0542, 38.7550    ,-0.0596    ,2017,94488,
ES-0542-A002684-R.dw.png,ES-0542, 38.7550    ,-0.0596    ,2017,94488,
ES-0542-A002685-L.dw.png,ES-0542, 38.7550    ,-0.0596    ,2017,94488,
ES-0542-A002685-R.dw.png,ES-0542, 38.7550    ,-0.0596    ,2017,94488,
ES-0542-A002686-L.dw.png,ES-0542, 38.7550    ,-0.0596    ,2017,94488,
ES-0542-A002686-R.dw.png,ES-0542, 38.7550    ,-0.0596    ,2017,94488,
ES-0542-A002687-L.dw.png,ES-0542, 38.7550    ,-0.0596    ,2017,94488,
ES-0542-A002687-R.dw.png,ES-0542, 38.7550    ,-0.0596    ,2017,94488,
ES-0543-A002688-L.dw.png,ES-0543, 38.7550    ,-0.0596    ,2017,94488,
ES-0543-A002688-R.dw.png,ES-0543, 38.7550    ,-0.0596    ,2017,94488,
ES-0543-A002689-L.dw.png,ES-0543, 38.7550    ,-0.0596    ,2017,94488,
ES-0543-A002689-R.dw.png,ES-0543, 38.7550    ,-0.0596    ,2017,94488,
ES-0543-A002690-L.dw.png,ES-0543, 38.7550    ,-0.0596    ,2017,94488,
ES-0543-A002690-R.dw.png,ES-0543, 38.7550    ,-0.0596    ,2017,94488,
ES-0543-A002691-L.dw.png,ES-0543, 38.7550    ,-0.0596    ,2017,94488,
ES-0543-A002691-R.dw.png,ES-0543, 38.7550    ,-0.0596    ,2017,94488,
ES-0543-A002692-L.dw.png,ES-0543, 38.7550    ,-0.0596    ,2017,94488,
ES-0543-A002692-R.dw.png,ES-0543, 38.7550    ,-0.0596    ,2017,94488,
ES-0543-A002693-L.dw.png,ES-0543, 38.7550    ,-0.0596    ,2017,94488,
ES-0543-A002693-R.dw.png,ES-0543, 38.7550    ,-0.0596    ,2017,94488,
ES-0543-A002694-L.dw.png,ES-0543, 38.7550    ,-0.0596    ,2017,94488,
ES-0543-A002694-R.dw.png,ES-0543, 38.7550    ,-0.0596    ,2017,94488,
ES-0543-A002695-L.dw.png,ES-0543, 38.7550    ,-0.0596    ,2017,94488,
ES-0543-A002695-R.dw.png,ES-0543, 38.7550    ,-0.0596    ,2017,94488,
ES-0543-A002696-L.dw.png,ES-0543, 38.7550    ,-0.0596    ,2017,94488,
ES-0543-A002696-R.dw.png,ES-0543, 38.7550    ,-0.0596    ,2017,94488,
ES-0543-A002697-L.dw.png,ES-0543, 38.7550    ,-0.0596    ,2017,94488,
ES-0543-A002697-R.dw.png,ES-0543, 38.7550    ,-0.0596    ,2017,94488,
ES-0544-A002698-L.dw.png,ES-0544, 38.7550    ,-0.0596    ,2017,94488,
ES-0544-A002698-R.dw.png,ES-0544, 38.7550    ,-0.0596    ,2017,94488,
ES-0544-A002699-L.dw.png,ES-0544, 38.7550    ,-0.0596    ,2017,94488,
ES-0544-A002699-R.dw.png,ES-0544, 38.7550    ,-0.0596    ,2017,94488,
ES-0544-A002700-L.dw.png,ES-0544, 38.7550    ,-0.0596    ,2017,94488,
ES-0544-A002700-R.dw.png,ES-0544, 38.7550    ,-0.0596    ,2017,94488,
ES-0544-A002701-L.dw.png,ES-0544, 38.7550    ,-0.0596    ,2017,94488,
ES-0544-A002701-R.dw.png,ES-0544, 38.7550    ,-0.0596    ,2017,94488,
ES-0544-A002702-L.dw.png,ES-0544, 38.7550    ,-0.0596    ,2017,94488,
ES-0544-A002702-R.dw.png,ES-0544, 38.7550    ,-0.0596    ,2017,94488,
ES-0544-A002703-L.dw.png,ES-0544, 38.7550    ,-0.0596    ,2017,94488,
ES-0544-A002703-R.dw.png,ES-0544, 38.7550    ,-0.0596    ,2017,94488,
ES-0544-A002704-L.dw.png,ES-0544, 38.7550    ,-0.0596    ,2017,94488,
ES-0544-A002704-R.dw.png,ES-0544, 38.7550    ,-0.0596    ,2017,94488,
ES-0544-A002705-L.dw.png,ES-0544, 38.7550    ,-0.0596    ,2017,94488,
ES-0544-A002705-R.dw.png,ES-0544, 38.7550    ,-0.0596    ,2017,94488,
ES-0544-A002706-L.dw.png,ES-0544, 38.7550    ,-0.0596    ,2017,94488,
ES-0544-A002706-R.dw.png,ES-0544, 38.7550    ,-0.0596    ,2017,94488,
ES-0544-A002707-L.dw.png,ES-0544, 38.7550    ,-0.0596    ,2017,94488,
ES-0544-A002707-R.dw.png,ES-0544, 38.7550    ,-0.0596    ,2017,94488,
ES-0544-A002708-L.dw.png,ES-0544, 38.7550    ,-0.0596    ,2017,94488,
ES-0544-A002708-R.dw.png,ES-0544, 38.7550    ,-0.0596    ,2017,94488,
ES-0544-A002709-L.dw.png,ES-0544, 38.7550    ,-0.0596    ,2017,94488,
ES-0544-A002709-R.dw.png,ES-0544, 38.7550    ,-0.0596    ,2017,94488,
ES-0545-A002710-L.dw.png,ES-0545, 38.6480    , 0.0222    ,2017,94488,
ES-0545-A002710-R.dw.png,ES-0545, 38.6480    , 0.0222    ,2017,94488,
ES-0545-A002711-L.dw.png,ES-0545, 38.6480    , 0.0222    ,2017,94488,
ES-0545-A002711-R.dw.png,ES-0545, 38.6480    , 0.0222    ,2017,94488,
ES-0545-A002712-L.dw.png,ES-0545, 38.6480    , 0.0222    ,2017,94488,
ES-0545-A002712-R.dw.png,ES-0545, 38.6480    , 0.0222    ,2017,94488,
ES-0545-A002713-L.dw.png,ES-0545, 38.6480    , 0.0222    ,2017,94488,
ES-0545-A002713-R.dw.png,ES-0545, 38.6480    , 0.0222    ,2017,94488,
ES-0545-A002714-L.dw.png,ES-0545, 38.6480    , 0.0222    ,2017,94488,
ES-0545-A002714-R.dw.png,ES-0545, 38.6480    , 0.0222    ,2017,94488,
ES-0545-A002715-L.dw.png,ES-0545, 38.6480    , 0.0222    ,2017,94488,
ES-0545-A002715-R.dw.png,ES-0545, 38.6480    , 0.0222    ,2017,94488,
ES-0545-A002716-L.dw.png,ES-0545, 38.6480    , 0.0222    ,2017,94488,
ES-0545-A002716-R.dw.png,ES-0545, 38.6480    , 0.0222    ,2017,94488,
ES-0545-A002717-L.dw.png,ES-0545, 38.6480    , 0.0222    ,2017,94488,
ES-0545-A002717-R.dw.png,ES-0545, 38.6480    , 0.0222    ,2017,94488,
ES-0545-A002718-L.dw.png,ES-0545, 38.6480    , 0.0222    ,2017,94488,
ES-0545-A002718-R.dw.png,ES-0545, 38.6480    , 0.0222    ,2017,94488,
ES-0545-A002719-L.dw.png,ES-0545, 38.6480    , 0.0222    ,2017,94488,
ES-0545-A002719-R.dw.png,ES-0545, 38.6480    , 0.0222    ,2017,94488,
ES-0546-A002720-L.dw.png,ES-0546, 38.6480    , 0.0222    ,2017,94488,
ES-0546-A002720-R.dw.png,ES-0546, 38.6480    , 0.0222    ,2017,94488,
ES-0546-A002721-L.dw.png,ES-0546, 38.6480    , 0.0222    ,2017,94488,
ES-0546-A002721-R.dw.png,ES-0546, 38.6480    , 0.0222    ,2017,94488,
ES-0546-A002722-L.dw.png,ES-0546, 38.6480    , 0.0222    ,2017,94488,
ES-0546-A002722-R.dw.png,ES-0546, 38.6480    , 0.0222    ,2017,94488,
ES-0546-A002723-L.dw.png,ES-0546, 38.6480    , 0.0222    ,2017,94488,
ES-0546-A002723-R.dw.png,ES-0546, 38.6480    , 0.0222    ,2017,94488,
ES-0546-A002724-L.dw.png,ES-0546, 38.6480    , 0.0222    ,2017,94488,
ES-0546-A002724-R.dw.png,ES-0546, 38.6480    , 0.0222    ,2017,94488,
ES-0546-A002725-L.dw.png,ES-0546, 38.6480    , 0.0222    ,2017,94488,
ES-0546-A002725-R.dw.png,ES-0546, 38.6480    , 0.0222    ,2017,94488,
ES-0546-A002726-L.dw.png,ES-0546, 38.6480    , 0.0222    ,2017,94488,
ES-0546-A002726-R.dw.png,ES-0546, 38.6480    , 0.0222    ,2017,94488,
ES-0546-A002727-L.dw.png,ES-0546, 38.6480    , 0.0222    ,2017,94488,
ES-0546-A002727-R.dw.png,ES-0546, 38.6480    , 0.0222    ,2017,94488,
ES-0546-A002728-L.dw.png,ES-0546, 38.6480    , 0.0222    ,2017,94488,
ES-0546-A002728-R.dw.png,ES-0546, 38.6480    , 0.0222    ,2017,94488,
ES-0546-A002729-L.dw.png,ES-0546, 38.6480    , 0.0222    ,2017,94488,
ES-0546-A002729-R.dw.png,ES-0546, 38.6480    , 0.0222    ,2017,94488,
ES-0547-A002730-L.dw.png,ES-0547, 38.6480    , 0.0222    ,2017,94488,
ES-0547-A002730-R.dw.png,ES-0547, 38.6480    , 0.0222    ,2017,94488,
ES-0547-A002731-L.dw.png,ES-0547, 38.6480    , 0.0222    ,2017,94488,
ES-0547-A002731-R.dw.png,ES-0547, 38.6480    , 0.0222    ,2017,94488,
ES-0547-A002732-L.dw.png,ES-0547, 38.6480    , 0.0222    ,2017,94488,
ES-0547-A002732-R.dw.png,ES-0547, 38.6480    , 0.0222    ,2017,94488,
ES-0547-A002733-L.dw.png,ES-0547, 38.6480    , 0.0222    ,2017,94488,
ES-0547-A002733-R.dw.png,ES-0547, 38.6480    , 0.0222    ,2017,94488,
ES-0547-A002734-L.dw.png,ES-0547, 38.6480    , 0.0222    ,2017,94488,
ES-0547-A002734-R.dw.png,ES-0547, 38.6480    , 0.0222    ,2017,94488,
ES-0547-A002735-L.dw.png,ES-0547, 38.6480    , 0.0222    ,2017,94488,
ES-0547-A002735-R.dw.png,ES-0547, 38.6480    , 0.0222    ,2017,94488,
ES-0547-A002736-L.dw.png,ES-0547, 38.6480    , 0.0222    ,2017,94488,
ES-0547-A002736-R.dw.png,ES-0547, 38.6480    , 0.0222    ,2017,94488,
ES-0547-A002737-L.dw.png,ES-0547, 38.6480    , 0.0222    ,2017,94488,
ES-0547-A002738-L.dw.png,ES-0547, 38.6480    , 0.0222    ,2017,94488,
ES-0547-A002738-R.dw.png,ES-0547, 38.6480    , 0.0222    ,2017,94488,
ES-0547-A002739-L.dw.png,ES-0547, 38.6480    , 0.0222    ,2017,94488,
ES-0547-A002739-R.dw.png,ES-0547, 38.6480    , 0.0222    ,2017,94488,
ES-0548-A002740-L.dw.png,ES-0548, 38.6480    , 0.0222    ,2017,94488,
ES-0548-A002740-R.dw.png,ES-0548, 38.6480    , 0.0222    ,2017,94488,
ES-0548-A002741-L.dw.png,ES-0548, 38.6480    , 0.0222    ,2017,94488,
ES-0548-A002741-R.dw.png,ES-0548, 38.6480    , 0.0222    ,2017,94488,
ES-0548-A002742-L.dw.png,ES-0548, 38.6480    , 0.0222    ,2017,94488,
ES-0548-A002742-R.dw.png,ES-0548, 38.6480    , 0.0222    ,2017,94488,
ES-0548-A002743-L.dw.png,ES-0548, 38.6480    , 0.0222    ,2017,94488,
ES-0548-A002743-R.dw.png,ES-0548, 38.6480    , 0.0222    ,2017,94488,
ES-0548-A002744-L.dw.png,ES-0548, 38.6480    , 0.0222    ,2017,94488,
ES-0548-A002744-R.dw.png,ES-0548, 38.6480    , 0.0222    ,2017,94488,
ES-0548-A002745-L.dw.png,ES-0548, 38.6480    , 0.0222    ,2017,94488,
ES-0548-A002745-R.dw.png,ES-0548, 38.6480    , 0.0222    ,2017,94488,
ES-0548-A002746-L.dw.png,ES-0548, 38.6480    , 0.0222    ,2017,94488,
ES-0548-A002746-R.dw.png,ES-0548, 38.6480    , 0.0222    ,2017,94488,
ES-0548-A002747-L.dw.png,ES-0548, 38.6480    , 0.0222    ,2017,94488,
ES-0548-A002747-R.dw.png,ES-0548, 38.6480    , 0.0222    ,2017,94488,
ES-0548-A002748-L.dw.png,ES-0548, 38.6480    , 0.0222    ,2017,94488,
ES-0548-A002748-R.dw.png,ES-0548, 38.6480    , 0.0222    ,2017,94488,
ES-0548-A002749-L.dw.png,ES-0548, 38.6480    , 0.0222    ,2017,94488,
ES-0548-A002749-R.dw.png,ES-0548, 38.6480    , 0.0222    ,2017,94488,
ES-0549-A002750-L.dw.png,ES-0549, 38.6480    , 0.0222    ,2017,94488,
ES-0549-A002750-R.dw.png,ES-0549, 38.6480    , 0.0222    ,2017,94488,
ES-0549-A002752-L.dw.png,ES-0549, 38.6480    , 0.0222    ,2017,94488,
ES-0549-A002752-R.dw.png,ES-0549, 38.6480    , 0.0222    ,2017,94488,
ES-0549-A002753-L.dw.png,ES-0549, 38.6480    , 0.0222    ,2017,94488,
ES-0549-A002753-R.dw.png,ES-0549, 38.6480    , 0.0222    ,2017,94488,
ES-0549-A002754-L.dw.png,ES-0549, 38.6480    , 0.0222    ,2017,94488,
ES-0549-A002754-R.dw.png,ES-0549, 38.6480    , 0.0222    ,2017,94488,
ES-0549-A002755-L.dw.png,ES-0549, 38.6480    , 0.0222    ,2017,94488,
ES-0549-A002755-R.dw.png,ES-0549, 38.6480    , 0.0222    ,2017,94488,
ES-0549-A002756-L.dw.png,ES-0549, 38.6480    , 0.0222    ,2017,94488,
ES-0549-A002756-R.dw.png,ES-0549, 38.6480    , 0.0222    ,2017,94488,
ES-0549-A002757-L.dw.png,ES-0549, 38.6480    , 0.0222    ,2017,94488,
ES-0549-A002757-R.dw.png,ES-0549, 38.6480    , 0.0222    ,2017,94488,
ES-0549-A002758-L.dw.png,ES-0549, 38.6480    , 0.0222    ,2017,94488,
ES-0549-A002758-R.dw.png,ES-0549, 38.6480    , 0.0222    ,2017,94488,
ES-0549-A002759-L.dw.png,ES-0549, 38.6480    , 0.0222    ,2017,94488,
ES-0549-A002759-R.dw.png,ES-0549, 38.6480    , 0.0222    ,2017,94488,
ES-0549-A002760-L.dw.png,ES-0549, 38.6480    , 0.0222    ,2017,94488,
ES-0549-A002760-R.dw.png,ES-0549, 38.6480    , 0.0222    ,2017,94488,
ES-0550-A002761-L.dw.png,ES-0550, 38.6480    , 0.0222    ,2017,94488,
ES-0550-A002761-R.dw.png,ES-0550, 38.6480    , 0.0222    ,2017,94488,
ES-0550-A002762-L.dw.png,ES-0550, 38.6480    , 0.0222    ,2017,94488,
ES-0550-A002763-L.dw.png,ES-0550, 38.6480    , 0.0222    ,2017,94488,
ES-0550-A002763-R.dw.png,ES-0550, 38.6480    , 0.0222    ,2017,94488,
ES-0550-A002764-L.dw.png,ES-0550, 38.6480    , 0.0222    ,2017,94488,
ES-0550-A002764-R.dw.png,ES-0550, 38.6480    , 0.0222    ,2017,94488,
ES-0550-A002765-L.dw.png,ES-0550, 38.6480    , 0.0222    ,2017,94488,
ES-0550-A002765-R.dw.png,ES-0550, 38.6480    , 0.0222    ,2017,94488,
ES-0550-A002766-L.dw.png,ES-0550, 38.6480    , 0.0222    ,2017,94488,
ES-0550-A002766-R.dw.png,ES-0550, 38.6480    , 0.0222    ,2017,94488,
ES-0550-A002767-L.dw.png,ES-0550, 38.6480    , 0.0222    ,2017,94488,
ES-0550-A002767-R.dw.png,ES-0550, 38.6480    , 0.0222    ,2017,94488,
ES-0550-A002768-L.dw.png,ES-0550, 38.6480    , 0.0222    ,2017,94488,
ES-0550-A002768-R.dw.png,ES-0550, 38.6480    , 0.0222    ,2017,94488,
ES-0550-A002769-L.dw.png,ES-0550, 38.6480    , 0.0222    ,2017,94488,
ES-0550-A002769-R.dw.png,ES-0550, 38.6480    , 0.0222    ,2017,94488,
ES-0550-A002770-L.dw.png,ES-0550, 38.6480    , 0.0222    ,2017,94488,
ES-0550-A002770-R.dw.png,ES-0550, 38.6480    , 0.0222    ,2017,94488,
ES-0550-A002771-L.dw.png,ES-0550, 38.6480    , 0.0222    ,2017,94488,
ES-0550-A002771-R.dw.png,ES-0550, 38.6480    , 0.0222    ,2017,94488,
ES-0551-A002772-L.dw.png,ES-0551, 38.6480    , 0.0222    ,2017,94488,
ES-0551-A002772-R.dw.png,ES-0551, 38.6480    , 0.0222    ,2017,94488,
ES-0551-A002773-L.dw.png,ES-0551, 38.6480    , 0.0222    ,2017,94488,
ES-0551-A002773-R.dw.png,ES-0551, 38.6480    , 0.0222    ,2017,94488,
ES-0551-A002774-L.dw.png,ES-0551, 38.6480    , 0.0222    ,2017,94488,
ES-0551-A002774-R.dw.png,ES-0551, 38.6480    , 0.0222    ,2017,94488,
ES-0551-A002775-L.dw.png,ES-0551, 38.6480    , 0.0222    ,2017,94488,
ES-0551-A002775-R.dw.png,ES-0551, 38.6480    , 0.0222    ,2017,94488,
ES-0551-A002776-L.dw.png,ES-0551, 38.6480    , 0.0222    ,2017,94488,
ES-0551-A002776-R.dw.png,ES-0551, 38.6480    , 0.0222    ,2017,94488,
ES-0551-A002777-L.dw.png,ES-0551, 38.6480    , 0.0222    ,2017,94488,
ES-0551-A002777-R.dw.png,ES-0551, 38.6480    , 0.0222    ,2017,94488,
ES-0551-A002778-L.dw.png,ES-0551, 38.6480    , 0.0222    ,2017,94488,
ES-0551-A002778-R.dw.png,ES-0551, 38.6480    , 0.0222    ,2017,94488,
ES-0551-A002779-L.dw.png,ES-0551, 38.6480    , 0.0222    ,2017,94488,
ES-0551-A002779-R.dw.png,ES-0551, 38.6480    , 0.0222    ,2017,94488,
ES-0551-A002780-L.dw.png,ES-0551, 38.6480    , 0.0222    ,2017,94488,
ES-0551-A002780-R.dw.png,ES-0551, 38.6480    , 0.0222    ,2017,94488,
ES-0551-A002781-L.dw.png,ES-0551, 38.6480    , 0.0222    ,2017,94488,
ES-0551-A002781-R.dw.png,ES-0551, 38.6480    , 0.0222    ,2017,94488,
ES-0552-A002782-L.dw.png,ES-0552, 38.6480    , 0.0222    ,2017,94488,
ES-0552-A002782-R.dw.png,ES-0552, 38.6480    , 0.0222    ,2017,94488,
ES-0552-A002783-L.dw.png,ES-0552, 38.6480    , 0.0222    ,2017,94488,
ES-0552-A002783-R.dw.png,ES-0552, 38.6480    , 0.0222    ,2017,94488,
ES-0552-A002784-L.dw.png,ES-0552, 38.6480    , 0.0222    ,2017,94488,
ES-0552-A002784-R.dw.png,ES-0552, 38.6480    , 0.0222    ,2017,94488,
ES-0552-A002785-L.dw.png,ES-0552, 38.6480    , 0.0222    ,2017,94488,
ES-0552-A002785-R.dw.png,ES-0552, 38.6480    , 0.0222    ,2017,94488,
ES-0552-A002786-L.dw.png,ES-0552, 38.6480    , 0.0222    ,2017,94488,
ES-0552-A002786-R.dw.png,ES-0552, 38.6480    , 0.0222    ,2017,94488,
ES-0552-A002787-L.dw.png,ES-0552, 38.6480    , 0.0222    ,2017,94488,
ES-0552-A002787-R.dw.png,ES-0552, 38.6480    , 0.0222    ,2017,94488,
ES-0552-A002788-L.dw.png,ES-0552, 38.6480    , 0.0222    ,2017,94488,
ES-0552-A002788-R.dw.png,ES-0552, 38.6480    , 0.0222    ,2017,94488,
ES-0552-A002789-L.dw.png,ES-0552, 38.6480    , 0.0222    ,2017,94488,
ES-0552-A002789-R.dw.png,ES-0552, 38.6480    , 0.0222    ,2017,94488,
ES-0552-A002790-L.dw.png,ES-0552, 38.6480    , 0.0222    ,2017,94488,
ES-0552-A002790-R.dw.png,ES-0552, 38.6480    , 0.0222    ,2017,94488,
ES-0552-A002791-L.dw.png,ES-0552, 38.6480    , 0.0222    ,2017,94488,
ES-0552-A002791-R.dw.png,ES-0552, 38.6480    , 0.0222    ,2017,94488,
ES-0553-A002792-L.dw.png,ES-0553, 38.6480    , 0.0222    ,2017,94488,
ES-0553-A002792-R.dw.png,ES-0553, 38.6480    , 0.0222    ,2017,94488,
ES-0553-A002793-L.dw.png,ES-0553, 38.6480    , 0.0222    ,2017,94488,
ES-0553-A002793-R.dw.png,ES-0553, 38.6480    , 0.0222    ,2017,94488,
ES-0553-A002794-L.dw.png,ES-0553, 38.6480    , 0.0222    ,2017,94488,
ES-0553-A002794-R.dw.png,ES-0553, 38.6480    , 0.0222    ,2017,94488,
ES-0553-A002795-L.dw.png,ES-0553, 38.6480    , 0.0222    ,2017,94488,
ES-0553-A002795-R.dw.png,ES-0553, 38.6480    , 0.0222    ,2017,94488,
ES-0553-A002796-L.dw.png,ES-0553, 38.6480    , 0.0222    ,2017,94488,
ES-0553-A002796-R.dw.png,ES-0553, 38.6480    , 0.0222    ,2017,94488,
ES-0553-A002797-L.dw.png,ES-0553, 38.6480    , 0.0222    ,2017,94488,
ES-0553-A002797-R.dw.png,ES-0553, 38.6480    , 0.0222    ,2017,94488,
ES-0553-A002798-L.dw.png,ES-0553, 38.6480    , 0.0222    ,2017,94488,
ES-0553-A002798-R.dw.png,ES-0553, 38.6480    , 0.0222    ,2017,94488,
ES-0553-A002799-L.dw.png,ES-0553, 38.6480    , 0.0222    ,2017,94488,
ES-0553-A002799-R.dw.png,ES-0553, 38.6480    , 0.0222    ,2017,94488,
ES-0553-A002800-L.dw.png,ES-0553, 38.6480    , 0.0222    ,2017,94488,
ES-0553-A002800-R.dw.png,ES-0553, 38.6480    , 0.0222    ,2017,94488,
ES-0553-A002801-L.dw.png,ES-0553, 38.6480    , 0.0222    ,2017,94488,
ES-0553-A002801-R.dw.png,ES-0553, 38.6480    , 0.0222    ,2017,94488,
ES-0554-A002802-L.dw.png,ES-0554, 38.6480    , 0.0222    ,2017,94488,
ES-0554-A002802-R.dw.png,ES-0554, 38.6480    , 0.0222    ,2017,94488,
ES-0554-A002803-L.dw.png,ES-0554, 38.6480    , 0.0222    ,2017,94488,
ES-0554-A002803-R.dw.png,ES-0554, 38.6480    , 0.0222    ,2017,94488,
ES-0554-A002804-L.dw.png,ES-0554, 38.6480    , 0.0222    ,2017,94488,
ES-0554-A002804-R.dw.png,ES-0554, 38.6480    , 0.0222    ,2017,94488,
ES-0554-A002805-L.dw.png,ES-0554, 38.6480    , 0.0222    ,2017,94488,
ES-0554-A002805-R.dw.png,ES-0554, 38.6480    , 0.0222    ,2017,94488,
ES-0554-A002806-L.dw.png,ES-0554, 38.6480    , 0.0222    ,2017,94488,
ES-0554-A002806-R.dw.png,ES-0554, 38.6480    , 0.0222    ,2017,94488,
ES-0554-A002807-L.dw.png,ES-0554, 38.6480    , 0.0222    ,2017,94488,
ES-0554-A002807-R.dw.png,ES-0554, 38.6480    , 0.0222    ,2017,94488,
ES-0554-A002808-L.dw.png,ES-0554, 38.6480    , 0.0222    ,2017,94488,
ES-0554-A002808-R.dw.png,ES-0554, 38.6480    , 0.0222    ,2017,94488,
ES-0554-A002809-L.dw.png,ES-0554, 38.6480    , 0.0222    ,2017,94488,
ES-0554-A002809-R.dw.png,ES-0554, 38.6480    , 0.0222    ,2017,94488,
ES-0554-A002810-L.dw.png,ES-0554, 38.6480    , 0.0222    ,2017,94488,
ES-0554-A002810-R.dw.png,ES-0554, 38.6480    , 0.0222    ,2017,94488,
ES-0554-A002811-L.dw.png,ES-0554, 38.6480    , 0.0222    ,2017,94488,
ES-0554-A002811-R.dw.png,ES-0554, 38.6480    , 0.0222    ,2017,94488,
ES-0555-A002812-L.dw.png,ES-0555, 38.6480    , 0.0222    ,2017,94488,
ES-0555-A002812-R.dw.png,ES-0555, 38.6480    , 0.0222    ,2017,94488,
ES-0555-A002813-L.dw.png,ES-0555, 38.6480    , 0.0222    ,2017,94488,
ES-0555-A002813-R.dw.png,ES-0555, 38.6480    , 0.0222    ,2017,94488,
ES-0555-A002814-L.dw.png,ES-0555, 38.6480    , 0.0222    ,2017,94488,
ES-0555-A002814-R.dw.png,ES-0555, 38.6480    , 0.0222    ,2017,94488,
ES-0555-A002815-L.dw.png,ES-0555, 38.6480    , 0.0222    ,2017,94488,
ES-0555-A002815-R.dw.png,ES-0555, 38.6480    , 0.0222    ,2017,94488,
ES-0555-A002816-L.dw.png,ES-0555, 38.6480    , 0.0222    ,2017,94488,
ES-0555-A002816-R.dw.png,ES-0555, 38.6480    , 0.0222    ,2017,94488,
ES-0555-A002817-L.dw.png,ES-0555, 38.6480    , 0.0222    ,2017,94488,
ES-0555-A002817-R.dw.png,ES-0555, 38.6480    , 0.0222    ,2017,94488,
ES-0555-A002818-L.dw.png,ES-0555, 38.6480    , 0.0222    ,2017,94488,
ES-0555-A002818-R.dw.png,ES-0555, 38.6480    , 0.0222    ,2017,94488,
ES-0555-A002819-L.dw.png,ES-0555, 38.6480    , 0.0222    ,2017,94488,
ES-0555-A002819-R.dw.png,ES-0555, 38.6480    , 0.0222    ,2017,94488,
ES-0555-A002820-L.dw.png,ES-0555, 38.6480    , 0.0222    ,2017,94488,
ES-0555-A002820-R.dw.png,ES-0555, 38.6480    , 0.0222    ,2017,94488,
ES-0555-A002821-L.dw.png,ES-0555, 38.6480    , 0.0222    ,2017,94488,
ES-0555-A002821-R.dw.png,ES-0555, 38.6480    , 0.0222    ,2017,94488,
ES-0556-A002822-L.dw.png,ES-0556, 38.6480    , 0.0222    ,2017,94488,
ES-0556-A002822-R.dw.png,ES-0556, 38.6480    , 0.0222    ,2017,94488,
ES-0556-A002823-L.dw.png,ES-0556, 38.6480    , 0.0222    ,2017,94488,
ES-0556-A002823-R.dw.png,ES-0556, 38.6480    , 0.0222    ,2017,94488,
ES-0556-A002824-L.dw.png,ES-0556, 38.6480    , 0.0222    ,2017,94488,
ES-0556-A002824-R.dw.png,ES-0556, 38.6480    , 0.0222    ,2017,94488,
ES-0556-A002825-L.dw.png,ES-0556, 38.6480    , 0.0222    ,2017,94488,
ES-0556-A002825-R.dw.png,ES-0556, 38.6480    , 0.0222    ,2017,94488,
ES-0556-A002826-L.dw.png,ES-0556, 38.6480    , 0.0222    ,2017,94488,
ES-0556-A002826-R.dw.png,ES-0556, 38.6480    , 0.0222    ,2017,94488,
ES-0556-A002827-L.dw.png,ES-0556, 38.6480    , 0.0222    ,2017,94488,
ES-0556-A002827-R.dw.png,ES-0556, 38.6480    , 0.0222    ,2017,94488,
ES-0556-A002828-L.dw.png,ES-0556, 38.6480    , 0.0222    ,2017,94488,
ES-0556-A002828-R.dw.png,ES-0556, 38.6480    , 0.0222    ,2017,94488,
ES-0556-A002829-L.dw.png,ES-0556, 38.6480    , 0.0222    ,2017,94488,
ES-0556-A002829-R.dw.png,ES-0556, 38.6480    , 0.0222    ,2017,94488,
ES-0556-A002830-L.dw.png,ES-0556, 38.6480    , 0.0222    ,2017,94488,
ES-0556-A002830-R.dw.png,ES-0556, 38.6480    , 0.0222    ,2017,94488,
ES-0556-A002831-L.dw.png,ES-0556, 38.6480    , 0.0222    ,2017,94488,
ES-0556-A002831-R.dw.png,ES-0556, 38.6480    , 0.0222    ,2017,94488,
ES-0557-A002832-L.dw.png,ES-0557, 38.6480    , 0.0222    ,2017,94488,
ES-0557-A002832-R.dw.png,ES-0557, 38.6480    , 0.0222    ,2017,94488,
ES-0557-A002833-L.dw.png,ES-0557, 38.6480    , 0.0222    ,2017,94488,
ES-0557-A002833-R.dw.png,ES-0557, 38.6480    , 0.0222    ,2017,94488,
ES-0557-A002834-L.dw.png,ES-0557, 38.6480    , 0.0222    ,2017,94488,
ES-0557-A002834-R.dw.png,ES-0557, 38.6480    , 0.0222    ,2017,94488,
ES-0557-A002835-L.dw.png,ES-0557, 38.6480    , 0.0222    ,2017,94488,
ES-0557-A002835-R.dw.png,ES-0557, 38.6480    , 0.0222    ,2017,94488,
ES-0557-A002836-L.dw.png,ES-0557, 38.6480    , 0.0222    ,2017,94488,
ES-0557-A002836-R.dw.png,ES-0557, 38.6480    , 0.0222    ,2017,94488,
ES-0557-A002837-L.dw.png,ES-0557, 38.6480    , 0.0222    ,2017,94488,
ES-0557-A002837-R.dw.png,ES-0557, 38.6480    , 0.0222    ,2017,94488,
ES-0557-A002838-L.dw.png,ES-0557, 38.6480    , 0.0222    ,2017,94488,
ES-0557-A002838-R.dw.png,ES-0557, 38.6480    , 0.0222    ,2017,94488,
ES-0557-A002839-L.dw.png,ES-0557, 38.6480    , 0.0222    ,2017,94488,
ES-0557-A002839-R.dw.png,ES-0557, 38.6480    , 0.0222    ,2017,94488,
ES-0558-A002840-L.dw.png,ES-0558, 38.6480    , 0.0222    ,2017,94488,
ES-0558-A002840-R.dw.png,ES-0558, 38.6480    , 0.0222    ,2017,94488,
ES-0558-A002841-L.dw.png,ES-0558, 38.6480    , 0.0222    ,2017,94488,
ES-0558-A002841-R.dw.png,ES-0558, 38.6480    , 0.0222    ,2017,94488,
ES-0558-A002842-L.dw.png,ES-0558, 38.6480    , 0.0222    ,2017,94488,
ES-0558-A002842-R.dw.png,ES-0558, 38.6480    , 0.0222    ,2017,94488,
ES-0558-A002843-L.dw.png,ES-0558, 38.6480    , 0.0222    ,2017,94488,
ES-0558-A002843-R.dw.png,ES-0558, 38.6480    , 0.0222    ,2017,94488,
ES-0558-A002844-L.dw.png,ES-0558, 38.6480    , 0.0222    ,2017,94488,
ES-0558-A002844-R.dw.png,ES-0558, 38.6480    , 0.0222    ,2017,94488,
ES-0558-A002845-L.dw.png,ES-0558, 38.6480    , 0.0222    ,2017,94488,
ES-0558-A002845-R.dw.png,ES-0558, 38.6480    , 0.0222    ,2017,94488,
ES-0558-A002846-L.dw.png,ES-0558, 38.6480    , 0.0222    ,2017,94488,
ES-0558-A002846-R.dw.png,ES-0558, 38.6480    , 0.0222    ,2017,94488,
ES-0558-A002847-L.dw.png,ES-0558, 38.6480    , 0.0222    ,2017,94488,
ES-0558-A002847-R.dw.png,ES-0558, 38.6480    , 0.0222    ,2017,94488,
ES-0558-A002848-L.dw.png,ES-0558, 38.6480    , 0.0222    ,2017,94488,
ES-0558-A002848-R.dw.png,ES-0558, 38.6480    , 0.0222    ,2017,94488,
ES-0558-A002849-L.dw.png,ES-0558, 38.6480    , 0.0222    ,2017,94488,
ES-0558-A002849-R.dw.png,ES-0558, 38.6480    , 0.0222    ,2017,94488,
ES-0559-A002850-L.dw.png,ES-0559, 38.6480    , 0.0222    ,2017,94488,
ES-0559-A002850-R.dw.png,ES-0559, 38.6480    , 0.0222    ,2017,94488,
ES-0559-A002851-L.dw.png,ES-0559, 38.6480    , 0.0222    ,2017,94488,
ES-0559-A002851-R.dw.png,ES-0559, 38.6480    , 0.0222    ,2017,94488,
ES-0559-A002852-L.dw.png,ES-0559, 38.6480    , 0.0222    ,2017,94488,
ES-0559-A002852-R.dw.png,ES-0559, 38.6480    , 0.0222    ,2017,94488,
ES-0559-A002853-L.dw.png,ES-0559, 38.6480    , 0.0222    ,2017,94488,
ES-0559-A002853-R.dw.png,ES-0559, 38.6480    , 0.0222    ,2017,94488,
ES-0559-A002854-L.dw.png,ES-0559, 38.6480    , 0.0222    ,2017,94488,
ES-0559-A002854-R.dw.png,ES-0559, 38.6480    , 0.0222    ,2017,94488,
ES-0559-A002855-L.dw.png,ES-0559, 38.6480    , 0.0222    ,2017,94488,
ES-0559-A002855-R.dw.png,ES-0559, 38.6480    , 0.0222    ,2017,94488,
ES-0559-A002856-L.dw.png,ES-0559, 38.6480    , 0.0222    ,2017,94488,
ES-0559-A002856-R.dw.png,ES-0559, 38.6480    , 0.0222    ,2017,94488,
ES-0559-A002857-L.dw.png,ES-0559, 38.6480    , 0.0222    ,2017,94488,
ES-0559-A002857-R.dw.png,ES-0559, 38.6480    , 0.0222    ,2017,94488,
ES-0559-A002858-L.dw.png,ES-0559, 38.6480    , 0.0222    ,2017,94488,
ES-0559-A002858-R.dw.png,ES-0559, 38.6480    , 0.0222    ,2017,94488,
ES-0559-A002859-L.dw.png,ES-0559, 38.6480    , 0.0222    ,2017,94488,
ES-0559-A002859-R.dw.png,ES-0559, 38.6480    , 0.0222    ,2017,94488,
ES-0560-A002860-L.dw.png,ES-0560, 38.6480    , 0.0222    ,2017,94488,
ES-0560-A002860-R.dw.png,ES-0560, 38.6480    , 0.0222    ,2017,94488,
ES-0560-A002861-L.dw.png,ES-0560, 38.6480    , 0.0222    ,2017,94488,
ES-0560-A002861-R.dw.png,ES-0560, 38.6480    , 0.0222    ,2017,94488,
ES-0560-A002862-L.dw.png,ES-0560, 38.6480    , 0.0222    ,2017,94488,
ES-0560-A002862-R.dw.png,ES-0560, 38.6480    , 0.0222    ,2017,94488,
ES-0560-A002863-L.dw.png,ES-0560, 38.6480    , 0.0222    ,2017,94488,
ES-0560-A002863-R.dw.png,ES-0560, 38.6480    , 0.0222    ,2017,94488,
ES-0560-A002864-L.dw.png,ES-0560, 38.6480    , 0.0222    ,2017,94488,
ES-0560-A002864-R.dw.png,ES-0560, 38.6480    , 0.0222    ,2017,94488,
ES-0560-A002865-L.dw.png,ES-0560, 38.6480    , 0.0222    ,2017,94488,
ES-0560-A002865-R.dw.png,ES-0560, 38.6480    , 0.0222    ,2017,94488,
ES-0560-A002866-L.dw.png,ES-0560, 38.6480    , 0.0222    ,2017,94488,
ES-0560-A002866-R.dw.png,ES-0560, 38.6480    , 0.0222    ,2017,94488,
ES-0560-A002867-L.dw.png,ES-0560, 38.6480    , 0.0222    ,2017,94488,
ES-0560-A002867-R.dw.png,ES-0560, 38.6480    , 0.0222    ,2017,94488,
ES-0560-A002868-L.dw.png,ES-0560, 38.6480    , 0.0222    ,2017,94488,
ES-0560-A002868-R.dw.png,ES-0560, 38.6480    , 0.0222    ,2017,94488,
ES-0560-A002869-L.dw.png,ES-0560, 38.6480    , 0.0222    ,2017,94488,
ES-0560-A002869-R.dw.png,ES-0560, 38.6480    , 0.0222    ,2017,94488,
ES-0561-A002870-L.dw.png,ES-0561, 38.6480    , 0.0222    ,2017,94488,
ES-0561-A002870-R.dw.png,ES-0561, 38.6480    , 0.0222    ,2017,94488,
ES-0561-A002871-L.dw.png,ES-0561, 38.6480    , 0.0222    ,2017,94488,
ES-0561-A002871-R.dw.png,ES-0561, 38.6480    , 0.0222    ,2017,94488,
ES-0561-A002872-L.dw.png,ES-0561, 38.6480    , 0.0222    ,2017,94488,
ES-0561-A002872-R.dw.png,ES-0561, 38.6480    , 0.0222    ,2017,94488,
ES-0561-A002873-L.dw.png,ES-0561, 38.6480    , 0.0222    ,2017,94488,
ES-0561-A002874-L.dw.png,ES-0561, 38.6480    , 0.0222    ,2017,94488,
ES-0561-A002874-R.dw.png,ES-0561, 38.6480    , 0.0222    ,2017,94488,
ES-0561-A002875-L.dw.png,ES-0561, 38.6480    , 0.0222    ,2017,94488,
ES-0561-A002875-R.dw.png,ES-0561, 38.6480    , 0.0222    ,2017,94488,
ES-0561-A002876-L.dw.png,ES-0561, 38.6480    , 0.0222    ,2017,94488,
ES-0561-A002876-R.dw.png,ES-0561, 38.6480    , 0.0222    ,2017,94488,
ES-0561-A002877-L.dw.png,ES-0561, 38.6480    , 0.0222    ,2017,94488,
ES-0561-A002877-R.dw.png,ES-0561, 38.6480    , 0.0222    ,2017,94488,
ES-0561-A002878-L.dw.png,ES-0561, 38.6480    , 0.0222    ,2017,94488,
ES-0561-A002878-R.dw.png,ES-0561, 38.6480    , 0.0222    ,2017,94488,
ES-0561-A002879-L.dw.png,ES-0561, 38.6480    , 0.0222    ,2017,94488,
ES-0561-A002879-R.dw.png,ES-0561, 38.6480    , 0.0222    ,2017,94488,
ES-0562-A002880-L.dw.png,ES-0562, 38.6480    , 0.0222    ,2017,94488,
ES-0562-A002880-R.dw.png,ES-0562, 38.6480    , 0.0222    ,2017,94488,
ES-0562-A002881-L.dw.png,ES-0562, 38.6480    , 0.0222    ,2017,94488,
ES-0562-A002881-R.dw.png,ES-0562, 38.6480    , 0.0222    ,2017,94488,
ES-0562-A002882-L.dw.png,ES-0562, 38.6480    , 0.0222    ,2017,94488,
ES-0562-A002882-R.dw.png,ES-0562, 38.6480    , 0.0222    ,2017,94488,
ES-0562-A002883-L.dw.png,ES-0562, 38.6480    , 0.0222    ,2017,94488,
ES-0562-A002883-R.dw.png,ES-0562, 38.6480    , 0.0222    ,2017,94488,
ES-0562-A002884-L.dw.png,ES-0562, 38.6480    , 0.0222    ,2017,94488,
ES-0562-A002884-R.dw.png,ES-0562, 38.6480    , 0.0222    ,2017,94488,
ES-0562-A002885-L.dw.png,ES-0562, 38.6480    , 0.0222    ,2017,94488,
ES-0562-A002885-R.dw.png,ES-0562, 38.6480    , 0.0222    ,2017,94488,
ES-0562-A002886-L.dw.png,ES-0562, 38.6480    , 0.0222    ,2017,94488,
ES-0562-A002886-R.dw.png,ES-0562, 38.6480    , 0.0222    ,2017,94488,
ES-0562-A002887-L.dw.png,ES-0562, 38.6480    , 0.0222    ,2017,94488,
ES-0562-A002887-R.dw.png,ES-0562, 38.6480    , 0.0222    ,2017,94488,
ES-0562-A002888-L.dw.png,ES-0562, 38.6480    , 0.0222    ,2017,94488,
ES-0562-A002888-R.dw.png,ES-0562, 38.6480    , 0.0222    ,2017,94488,
ES-0562-A002889-L.dw.png,ES-0562, 38.6480    , 0.0222    ,2017,94488,
ES-0562-A002889-R.dw.png,ES-0562, 38.6480    , 0.0222    ,2017,94488,
ES-0563-A002890-L.dw.png,ES-0563, 38.6480    , 0.0222    ,2017,94488,
ES-0563-A002890-R.dw.png,ES-0563, 38.6480    , 0.0222    ,2017,94488,
ES-0563-A002891-L.dw.png,ES-0563, 38.6480    , 0.0222    ,2017,94488,
ES-0563-A002891-R.dw.png,ES-0563, 38.6480    , 0.0222    ,2017,94488,
ES-0563-A002892-L.dw.png,ES-0563, 38.6480    , 0.0222    ,2017,94488,
ES-0563-A002892-R.dw.png,ES-0563, 38.6480    , 0.0222    ,2017,94488,
ES-0563-A002893-L.dw.png,ES-0563, 38.6480    , 0.0222    ,2017,94488,
ES-0563-A002893-R.dw.png,ES-0563, 38.6480    , 0.0222    ,2017,94488,
ES-0563-A002894-L.dw.png,ES-0563, 38.6480    , 0.0222    ,2017,94488,
ES-0563-A002894-R.dw.png,ES-0563, 38.6480    , 0.0222    ,2017,94488,
ES-0563-A002895-L.dw.png,ES-0563, 38.6480    , 0.0222    ,2017,94488,
ES-0563-A002895-R.dw.png,ES-0563, 38.6480    , 0.0222    ,2017,94488,
ES-0563-A002896-L.dw.png,ES-0563, 38.6480    , 0.0222    ,2017,94488,
ES-0563-A002896-R.dw.png,ES-0563, 38.6480    , 0.0222    ,2017,94488,
ES-0563-A002897-L.dw.png,ES-0563, 38.6480    , 0.0222    ,2017,94488,
ES-0563-A002897-R.dw.png,ES-0563, 38.6480    , 0.0222    ,2017,94488,
ES-0563-A002898-L.dw.png,ES-0563, 38.6480    , 0.0222    ,2017,94488,
ES-0563-A002898-R.dw.png,ES-0563, 38.6480    , 0.0222    ,2017,94488,
ES-0563-A002899-L.dw.png,ES-0563, 38.6480    , 0.0222    ,2017,94488,
ES-0563-A002899-R.dw.png,ES-0563, 38.6480    , 0.0222    ,2017,94488,
ES-0564-A002900-L.dw.png,ES-0564, 38.6480    , 0.0222    ,2017,94488,
ES-0564-A002900-R.dw.png,ES-0564, 38.6480    , 0.0222    ,2017,94488,
ES-0564-A002901-L.dw.png,ES-0564, 38.6480    , 0.0222    ,2017,94488,
ES-0564-A002901-R.dw.png,ES-0564, 38.6480    , 0.0222    ,2017,94488,
ES-0564-A002902-L.dw.png,ES-0564, 38.6480    , 0.0222    ,2017,94488,
ES-0564-A002902-R.dw.png,ES-0564, 38.6480    , 0.0222    ,2017,94488,
ES-0564-A002903-L.dw.png,ES-0564, 38.6480    , 0.0222    ,2017,94488,
ES-0564-A002903-R.dw.png,ES-0564, 38.6480    , 0.0222    ,2017,94488,
ES-0564-A002904-L.dw.png,ES-0564, 38.6480    , 0.0222    ,2017,94488,
ES-0564-A002904-R.dw.png,ES-0564, 38.6480    , 0.0222    ,2017,94488,
ES-0564-A002905-L.dw.png,ES-0564, 38.6480    , 0.0222    ,2017,94488,
ES-0564-A002905-R.dw.png,ES-0564, 38.6480    , 0.0222    ,2017,94488,
ES-0564-A002906-L.dw.png,ES-0564, 38.6480    , 0.0222    ,2017,94488,
ES-0564-A002906-R.dw.png,ES-0564, 38.6480    , 0.0222    ,2017,94488,
ES-0564-A002907-L.dw.png,ES-0564, 38.6480    , 0.0222    ,2017,94488,
ES-0564-A002907-R.dw.png,ES-0564, 38.6480    , 0.0222    ,2017,94488,
ES-0564-A002908-L.dw.png,ES-0564, 38.6480    , 0.0222    ,2017,94488,
ES-0564-A002908-R.dw.png,ES-0564, 38.6480    , 0.0222    ,2017,94488,
ES-0564-A002909-L.dw.png,ES-0564, 38.6480    , 0.0222    ,2017,94488,
ES-0564-A002909-R.dw.png,ES-0564, 38.6480    , 0.0222    ,2017,94488,
ES-0565-A002910-L.dw.png,ES-0565, 38.6480    , 0.0222    ,2017,94488,
ES-0565-A002910-R.dw.png,ES-0565, 38.6480    , 0.0222    ,2017,94488,
ES-0565-A002911-L.dw.png,ES-0565, 38.6480    , 0.0222    ,2017,94488,
ES-0565-A002911-R.dw.png,ES-0565, 38.6480    , 0.0222    ,2017,94488,
ES-0565-A002912-L.dw.png,ES-0565, 38.6480    , 0.0222    ,2017,94488,
ES-0565-A002912-R.dw.png,ES-0565, 38.6480    , 0.0222    ,2017,94488,
ES-0565-A002913-L.dw.png,ES-0565, 38.6480    , 0.0222    ,2017,94488,
ES-0565-A002914-L.dw.png,ES-0565, 38.6480    , 0.0222    ,2017,94488,
ES-0565-A002914-R.dw.png,ES-0565, 38.6480    , 0.0222    ,2017,94488,
ES-0565-A002915-L.dw.png,ES-0565, 38.6480    , 0.0222    ,2017,94488,
ES-0565-A002915-R.dw.png,ES-0565, 38.6480    , 0.0222    ,2017,94488,
ES-0565-A002916-L.dw.png,ES-0565, 38.6480    , 0.0222    ,2017,94488,
ES-0565-A002916-R.dw.png,ES-0565, 38.6480    , 0.0222    ,2017,94488,
ES-0565-A002917-L.dw.png,ES-0565, 38.6480    , 0.0222    ,2017,94488,
ES-0565-A002917-R.dw.png,ES-0565, 38.6480    , 0.0222    ,2017,94488,
ES-0565-A002918-L.dw.png,ES-0565, 38.6480    , 0.0222    ,2017,94488,
ES-0565-A002918-R.dw.png,ES-0565, 38.6480    , 0.0222    ,2017,94488,
ES-0565-A002919-L.dw.png,ES-0565, 38.6480    , 0.0222    ,2017,94488,
ES-0565-A002919-R.dw.png,ES-0565, 38.6480    , 0.0222    ,2017,94488,
ES-0565-A002920-L.dw.png,ES-0565, 38.6480    , 0.0222    ,2017,94488,
ES-0565-A002920-R.dw.png,ES-0565, 38.6480    , 0.0222    ,2017,94488,
ES-0566-A002921-L.dw.png,ES-0566, 38.6480    , 0.0222    ,2017,94488,
ES-0566-A002921-R.dw.png,ES-0566, 38.6480    , 0.0222    ,2017,94488,
ES-0566-A002922-R.dw.png,ES-0566, 38.6480    , 0.0222    ,2017,94488,
ES-0566-A002923-L.dw.png,ES-0566, 38.6480    , 0.0222    ,2017,94488,
ES-0566-A002923-R.dw.png,ES-0566, 38.6480    , 0.0222    ,2017,94488,
ES-0566-A002924-L.dw.png,ES-0566, 38.6480    , 0.0222    ,2017,94488,
ES-0566-A002924-R.dw.png,ES-0566, 38.6480    , 0.0222    ,2017,94488,
ES-0566-A002925-L.dw.png,ES-0566, 38.6480    , 0.0222    ,2017,94488,
ES-0566-A002925-R.dw.png,ES-0566, 38.6480    , 0.0222    ,2017,94488,
ES-0566-A002926-L.dw.png,ES-0566, 38.6480    , 0.0222    ,2017,94488,
ES-0566-A002926-R.dw.png,ES-0566, 38.6480    , 0.0222    ,2017,94488,
ES-0566-A002927-L.dw.png,ES-0566, 38.6480    , 0.0222    ,2017,94488,
ES-0566-A002927-R.dw.png,ES-0566, 38.6480    , 0.0222    ,2017,94488,
ES-0566-A002928-L.dw.png,ES-0566, 38.6480    , 0.0222    ,2017,94488,
ES-0566-A002928-R.dw.png,ES-0566, 38.6480    , 0.0222    ,2017,94488,
ES-0566-A002929-L.dw.png,ES-0566, 38.6480    , 0.0222    ,2017,94488,
ES-0566-A002929-R.dw.png,ES-0566, 38.6480    , 0.0222    ,2017,94488,
ES-0566-A002930-L.dw.png,ES-0566, 38.6480    , 0.0222    ,2017,94488,
ES-0566-A002930-R.dw.png,ES-0566, 38.6480    , 0.0222    ,2017,94488,
ES-0567-A002931-L.dw.png,ES-0567, 38.6480    , 0.0222    ,2017,94488,
ES-0567-A002931-R.dw.png,ES-0567, 38.6480    , 0.0222    ,2017,94488,
ES-0567-A002932-L.dw.png,ES-0567, 38.6480    , 0.0222    ,2017,94488,
ES-0567-A002932-R.dw.png,ES-0567, 38.6480    , 0.0222    ,2017,94488,
ES-0567-A002933-L.dw.png,ES-0567, 38.6480    , 0.0222    ,2017,94488,
ES-0567-A002933-R.dw.png,ES-0567, 38.6480    , 0.0222    ,2017,94488,
ES-0567-A002934-L.dw.png,ES-0567, 38.6480    , 0.0222    ,2017,94488,
ES-0567-A002934-R.dw.png,ES-0567, 38.6480    , 0.0222    ,2017,94488,
ES-0567-A002935-L.dw.png,ES-0567, 38.6480    , 0.0222    ,2017,94488,
ES-0567-A002935-R.dw.png,ES-0567, 38.6480    , 0.0222    ,2017,94488,
ES-0567-A002936-L.dw.png,ES-0567, 38.6480    , 0.0222    ,2017,94488,
ES-0567-A002936-R.dw.png,ES-0567, 38.6480    , 0.0222    ,2017,94488,
ES-0567-A002937-L.dw.png,ES-0567, 38.6480    , 0.0222    ,2017,94488,
ES-0567-A002937-R.dw.png,ES-0567, 38.6480    , 0.0222    ,2017,94488,
ES-0567-A002938-L.dw.png,ES-0567, 38.6480    , 0.0222    ,2017,94488,
ES-0567-A002938-R.dw.png,ES-0567, 38.6480    , 0.0222    ,2017,94488,
ES-0567-A002939-L.dw.png,ES-0567, 38.6480    , 0.0222    ,2017,94488,
ES-0567-A002939-R.dw.png,ES-0567, 38.6480    , 0.0222    ,2017,94488,
ES-0567-A002940-R.dw.png,ES-0567, 38.6480    , 0.0222    ,2017,94488,
ES-0567-A002941-L.dw.png,ES-0567, 38.6480    , 0.0222    ,2017,94488,
ES-0567-A002941-R.dw.png,ES-0567, 38.6480    , 0.0222    ,2017,94488,
ES-0568-A002942-L.dw.png,ES-0568, 38.6480    , 0.0222    ,2017,94488,
ES-0568-A002942-R.dw.png,ES-0568, 38.6480    , 0.0222    ,2017,94488,
ES-0568-A002943-L.dw.png,ES-0568, 38.6480    , 0.0222    ,2017,94488,
ES-0568-A002943-R.dw.png,ES-0568, 38.6480    , 0.0222    ,2017,94488,
ES-0568-A002944-L.dw.png,ES-0568, 38.6480    , 0.0222    ,2017,94488,
ES-0568-A002944-R.dw.png,ES-0568, 38.6480    , 0.0222    ,2017,94488,
ES-0568-A002945-L.dw.png,ES-0568, 38.6480    , 0.0222    ,2017,94488,
ES-0568-A002945-R.dw.png,ES-0568, 38.6480    , 0.0222    ,2017,94488,
ES-0568-A002946-L.dw.png,ES-0568, 38.6480    , 0.0222    ,2017,94488,
ES-0568-A002946-R.dw.png,ES-0568, 38.6480    , 0.0222    ,2017,94488,
ES-0568-A002947-L.dw.png,ES-0568, 38.6480    , 0.0222    ,2017,94488,
ES-0568-A002947-R.dw.png,ES-0568, 38.6480    , 0.0222    ,2017,94488,
ES-0568-A002948-L.dw.png,ES-0568, 38.6480    , 0.0222    ,2017,94488,
ES-0568-A002948-R.dw.png,ES-0568, 38.6480    , 0.0222    ,2017,94488,
ES-0568-A002949-L.dw.png,ES-0568, 38.6480    , 0.0222    ,2017,94488,
ES-0568-A002949-R.dw.png,ES-0568, 38.6480    , 0.0222    ,2017,94488,
ES-0568-A002950-L.dw.png,ES-0568, 38.6480    , 0.0222    ,2017,94488,
ES-0568-A002950-R.dw.png,ES-0568, 38.6480    , 0.0222    ,2017,94488,
ES-0568-A002951-L.dw.png,ES-0568, 38.6480    , 0.0222    ,2017,94488,
ES-0568-A002951-R.dw.png,ES-0568, 38.6480    , 0.0222    ,2017,94488,
ES-0569-A002952-L.dw.png,ES-0569, 38.6480    , 0.0222    ,2017,94488,
ES-0569-A002952-R.dw.png,ES-0569, 38.6480    , 0.0222    ,2017,94488,
ES-0569-A002953-L.dw.png,ES-0569, 38.6480    , 0.0222    ,2017,94488,
ES-0569-A002953-R.dw.png,ES-0569, 38.6480    , 0.0222    ,2017,94488,
ES-0569-A002954-L.dw.png,ES-0569, 38.6480    , 0.0222    ,2017,94488,
ES-0569-A002954-R.dw.png,ES-0569, 38.6480    , 0.0222    ,2017,94488,
ES-0569-A002955-L.dw.png,ES-0569, 38.6480    , 0.0222    ,2017,94488,
ES-0569-A002955-R.dw.png,ES-0569, 38.6480    , 0.0222    ,2017,94488,
ES-0569-A002956-L.dw.png,ES-0569, 38.6480    , 0.0222    ,2017,94488,
ES-0569-A002956-R.dw.png,ES-0569, 38.6480    , 0.0222    ,2017,94488,
ES-0569-A002957-L.dw.png,ES-0569, 38.6480    , 0.0222    ,2017,94488,
ES-0569-A002957-R.dw.png,ES-0569, 38.6480    , 0.0222    ,2017,94488,
ES-0569-A002958-L.dw.png,ES-0569, 38.6480    , 0.0222    ,2017,94488,
ES-0569-A002958-R.dw.png,ES-0569, 38.6480    , 0.0222    ,2017,94488,
ES-0569-A002959-L.dw.png,ES-0569, 38.6480    , 0.0222    ,2017,94488,
ES-0569-A002959-R.dw.png,ES-0569, 38.6480    , 0.0222    ,2017,94488,
ES-0569-A002960-L.dw.png,ES-0569, 38.6480    , 0.0222    ,2017,94488,
ES-0569-A002960-R.dw.png,ES-0569, 38.6480    , 0.0222    ,2017,94488,
ES-0569-A002961-L.dw.png,ES-0569, 38.6480    , 0.0222    ,2017,94488,
ES-0569-A002961-R.dw.png,ES-0569, 38.6480    , 0.0222    ,2017,94488,
ES-0570-A002962-L.dw.png,ES-0570, 38.6480    , 0.0222    ,2017,94488,
ES-0570-A002962-R.dw.png,ES-0570, 38.6480    , 0.0222    ,2017,94488,
ES-0570-A002963-L.dw.png,ES-0570, 38.6480    , 0.0222    ,2017,94488,
ES-0570-A002963-R.dw.png,ES-0570, 38.6480    , 0.0222    ,2017,94488,
ES-0570-A002964-L.dw.png,ES-0570, 38.6480    , 0.0222    ,2017,94488,
ES-0570-A002964-R.dw.png,ES-0570, 38.6480    , 0.0222    ,2017,94488,
ES-0570-A002965-L.dw.png,ES-0570, 38.6480    , 0.0222    ,2017,94488,
ES-0570-A002965-R.dw.png,ES-0570, 38.6480    , 0.0222    ,2017,94488,
ES-0570-A002966-L.dw.png,ES-0570, 38.6480    , 0.0222    ,2017,94488,
ES-0570-A002966-R.dw.png,ES-0570, 38.6480    , 0.0222    ,2017,94488,
ES-0570-A002967-L.dw.png,ES-0570, 38.6480    , 0.0222    ,2017,94488,
ES-0570-A002967-R.dw.png,ES-0570, 38.6480    , 0.0222    ,2017,94488,
ES-0570-A002968-L.dw.png,ES-0570, 38.6480    , 0.0222    ,2017,94488,
ES-0570-A002968-R.dw.png,ES-0570, 38.6480    , 0.0222    ,2017,94488,
ES-0570-A002969-L.dw.png,ES-0570, 38.6480    , 0.0222    ,2017,94488,
ES-0570-A002969-R.dw.png,ES-0570, 38.6480    , 0.0222    ,2017,94488,
ES-0570-A002970-L.dw.png,ES-0570, 38.6480    , 0.0222    ,2017,94488,
ES-0570-A002970-R.dw.png,ES-0570, 38.6480    , 0.0222    ,2017,94488,
ES-0570-A002971-L.dw.png,ES-0570, 38.6480    , 0.0222    ,2017,94488,
ES-0570-A002971-R.dw.png,ES-0570, 38.6480    , 0.0222    ,2017,94488,
ES-0571-A002972-L.dw.png,ES-0571, 38.6480    , 0.0222    ,2017,94488,
ES-0571-A002972-R.dw.png,ES-0571, 38.6480    , 0.0222    ,2017,94488,
ES-0571-A002973-L.dw.png,ES-0571, 38.6480    , 0.0222    ,2017,94488,
ES-0571-A002973-R.dw.png,ES-0571, 38.6480    , 0.0222    ,2017,94488,
ES-0571-A002974-L.dw.png,ES-0571, 38.6480    , 0.0222    ,2017,94488,
ES-0571-A002974-R.dw.png,ES-0571, 38.6480    , 0.0222    ,2017,94488,
ES-0571-A002975-L.dw.png,ES-0571, 38.6480    , 0.0222    ,2017,94488,
ES-0571-A002975-R.dw.png,ES-0571, 38.6480    , 0.0222    ,2017,94488,
ES-0571-A002976-L.dw.png,ES-0571, 38.6480    , 0.0222    ,2017,94488,
ES-0571-A002976-R.dw.png,ES-0571, 38.6480    , 0.0222    ,2017,94488,
ES-0571-A002977-L.dw.png,ES-0571, 38.6480    , 0.0222    ,2017,94488,
ES-0571-A002977-R.dw.png,ES-0571, 38.6480    , 0.0222    ,2017,94488,
ES-0571-A002978-L.dw.png,ES-0571, 38.6480    , 0.0222    ,2017,94488,
ES-0571-A002978-R.dw.png,ES-0571, 38.6480    , 0.0222    ,2017,94488,
ES-0571-A002979-L.dw.png,ES-0571, 38.6480    , 0.0222    ,2017,94488,
ES-0571-A002979-R.dw.png,ES-0571, 38.6480    , 0.0222    ,2017,94488,
ES-0571-A002980-L.dw.png,ES-0571, 38.6480    , 0.0222    ,2017,94488,
ES-0571-A002980-R.dw.png,ES-0571, 38.6480    , 0.0222    ,2017,94488,
ES-0571-A002981-L.dw.png,ES-0571, 38.6480    , 0.0222    ,2017,94488,
ES-0571-A002981-R.dw.png,ES-0571, 38.6480    , 0.0222    ,2017,94488,
ES-0572-A002982-L.dw.png,ES-0572, 38.6480    , 0.0222    ,2017,94488,
ES-0572-A002982-R.dw.png,ES-0572, 38.6480    , 0.0222    ,2017,94488,
ES-0572-A002983-L.dw.png,ES-0572, 38.6480    , 0.0222    ,2017,94488,
ES-0572-A002983-R.dw.png,ES-0572, 38.6480    , 0.0222    ,2017,94488,
ES-0572-A002984-L.dw.png,ES-0572, 38.6480    , 0.0222    ,2017,94488,
ES-0572-A002984-R.dw.png,ES-0572, 38.6480    , 0.0222    ,2017,94488,
ES-0572-A002985-L.dw.png,ES-0572, 38.6480    , 0.0222    ,2017,94488,
ES-0572-A002986-L.dw.png,ES-0572, 38.6480    , 0.0222    ,2017,94488,
ES-0572-A002986-R.dw.png,ES-0572, 38.6480    , 0.0222    ,2017,94488,
ES-0572-A002987-L.dw.png,ES-0572, 38.6480    , 0.0222    ,2017,94488,
ES-0572-A002987-R.dw.png,ES-0572, 38.6480    , 0.0222    ,2017,94488,
ES-0572-A002988-L.dw.png,ES-0572, 38.6480    , 0.0222    ,2017,94488,
ES-0572-A002988-R.dw.png,ES-0572, 38.6480    , 0.0222    ,2017,94488,
ES-0572-A002989-L.dw.png,ES-0572, 38.6480    , 0.0222    ,2017,94488,
ES-0572-A002989-R.dw.png,ES-0572, 38.6480    , 0.0222    ,2017,94488,
ES-0572-A002990-L.dw.png,ES-0572, 38.6480    , 0.0222    ,2017,94488,
ES-0573-A002990-R.dw.png,ES-0573, 38.6480    , 0.0222    ,2017,94488,
ES-0573-A002991-L.dw.png,ES-0573, 38.6480    , 0.0222    ,2017,94488,
ES-0573-A002991-R.dw.png,ES-0573, 38.6480    , 0.0222    ,2017,94488,
ES-0573-A002992-L.dw.png,ES-0573, 38.6480    , 0.0222    ,2017,94488,
ES-0573-A002992-R.dw.png,ES-0573, 38.6480    , 0.0222    ,2017,94488,
ES-0573-A002993-L.dw.png,ES-0573, 38.6480    , 0.0222    ,2017,94488,
ES-0573-A002993-R.dw.png,ES-0573, 38.6480    , 0.0222    ,2017,94488,
ES-0573-A002994-L.dw.png,ES-0573, 38.6480    , 0.0222    ,2017,94488,
ES-0573-A002994-R.dw.png,ES-0573, 38.6480    , 0.0222    ,2017,94488,
ES-0573-A002995-L.dw.png,ES-0573, 38.6480    , 0.0222    ,2017,94488,
ES-0573-A002995-R.dw.png,ES-0573, 38.6480    , 0.0222    ,2017,94488,
ES-0573-A002996-L.dw.png,ES-0573, 38.6480    , 0.0222    ,2017,94488,
ES-0573-A002996-R.dw.png,ES-0573, 38.6480    , 0.0222    ,2017,94488,
